_2025,Name,Name (ENG - free translation) ,Date,Date,Journalist,URL Shomrim,Subject,1ST subject ,2nd subject,3rd subject,Theme 1,Theme 2,Theme 3,Themes (numeric),Story type,Impact level,Legend: impact definition,Impact description,Impact description (ENG - free translation) ,Production,Additional outlets - tier A,Additional outlets – tier A (ENG),Additional outlets - tier B,Additional outlets – tier B (ENG)
1,חשיפה: הארגון האירופי שמאתר חיילים ישראליים בעולם - ומאלץ אותם לבחור בין בריחה למעצר,"Exposed: What is the Hind Rajab Foundation, Which is Making Israeli Soldiers Fear Arrest Abroad?",2025-01-02,2-Jan-2025,Milan Cerny,https://www.shomrim.news/hebrew/hind-rajab,"October 7 War
Democratic Institutions and the Rule of Law",October 7 War,Democratic Institutions and the Rule of Law,,Military & Reserve Forces,Democratic Values/Institutional Norms ,,"2
4",Investigative,"1, 3","Media Amplification, Real-World Change",,"10.1 - Following the publication, the European Palestinian Network Conference taking place in Denmark on January 11th informed that Hind Rajab Foundation (HRF) that its participation at the conference was canceled after some invitees opposed sharing a panel with the HRF. The HRF noted on X that participation was cancelled ""due to information disseminated in the Israeli press, falsely linking us to resistance movements in Lebanon and Palestine."" The conference was organized by Puls48, a Palestinian-focused advocacy news site. Speakers at the conference included, amongst others, Mogens Lykketoft Former Minister of Foreign Affairs of Denmark, Francesca Albanese UN Special Rapporteur on the Occupied Palestinian Territories, and Palestinian journalists.","Audio Recording, Translation","N12
הארץ אנגלית","N12, Haaretz (English edition)",,
2,חשיפה: מגדל ובנק לאומי תרמו מאות אלפי שקלים לעמותה המתנחלת במזרח ירושלים,Exposure: Migdal and Bank Leumi donated hundreds of thousands of shekels to a settler organization in East Jerusalem,2025-01-05,5-Jan-2025,Uri Blau,https://www.shomrim.news/hebrew/east-jerusalem,"Democracy & Society 
Economy, Finance, Inequality, Poverty",Democracy & Society,"Economy, Finance, Inequality, Poverty",,Democratic Values/Institutional Norms,,,4,Investigative,1,Media Amplification,,,,"כלכליסט
הארץ","Calcalist, Haaretz",,
3,משרתי השר במקום משרתי ציבור: החקיקה שמאיימת לרסק את הדרג המקצועי בשירות המדינה,"Serving the Minister, Not the Public: The Legislation Threatening to Cripple Israel’s Civil Service",2025-01-06,6-Jan-2025,Chen Shalita,https://www.shomrim.news/hebrew/end-of-civil-service,Democratic Institutions and the Rule of Law,Democratic Institutions and the Rule of Law,,,Gatekeepers/Watchdog Institutions,,,1,Explanatory,,,,,,,,,
4,השוק השחור של התרופות המסוכנות במזרח ירושלים נחשף,"The Black Market for Dangerous Drugs: Bought from the HMO, Sold at a Massive Profit",2025-01-10,10-Jan-2025,Haim Rivlin,https://www.shomrim.news/hebrew/the-black-market-of-dangerous-drugs,"Economy, Finance, Inequality, Poverty 
Health","Economy, Finance, Inequality, Poverty",Health,,Extreme Social Phenomena,Democratic Values/Institutional Norms,,"8
4",Investigative,1,Media Amplification,,,"Audio Recording, Translation","Ynet, Ynet ENG, גלצ","Ynet, Ynet ENG, Galatz (Army Radio)",,
5,"מכרז הענק לרובה החדש לצה""ל: את החברה הזוכה ייצג בכיר לשעבר במשרד הביטחון",The IDF’s Massive New Rifle Tender: The Winning Company Was Represented by a Former Senior Defense Official,2025-01-13,13-Jan-2025,"Roni Singer, Daniel Dolev",https://www.shomrim.news/hebrew/ari-arms,"Democracy & Society
Democratic Institutions and the Rule of Law",Democracy & Society,Democratic Institutions and the Rule of Law,,Gatekeepers/Watchdog Institutions,Military & Reserve Forces,Democratic Values/Institutional Norms,"1
2
4",Short-Term Investigative,3,Real-World Change,המכרז בוטל,The auction has been canceled!,,,,,
6,חשש לאחד ממאגרי מי התהום הגדולים בישראל,A Reservoir in Peril: Ongoing Pollution Crisis Threatens Israel’s Water Supply,2025-01-16,16-Jan-2025,Haim Rivlin,https://www.shomrim.news/hebrew/water-pollution,"Environment & Transportation
Health",Environment & Transportation,Health,,Water & Infrastructure,,,6,Short-Term Investigative,"1, 2","Media Amplification, Stakeholder Reaction","ב-17.2 בעקבות פרסום התחקיר, התקיים דיון בועדת הפנים והגנת הסביבה של הכנסת בנושא זיהום מי התהום בנחל שקמה","Feb 17, following the publication of the investigation, the Knesset’s Interior and Environmental Protection Committee held a discussion on the contamination of groundwater in the Shikma Stream.",Translation,Ynet,Ynet,,
7,חשיפה: המיליונרית המסתורית מאחורי תרומת הענק לתנועת ההתנחלות בעזה,Revealed: The Mysterious Millionaire Funding the Gaza Resettlement Movement,2025-01-16,16-Jan-2025,Uri Blau,https://www.shomrim.news/hebrew/the-mysterious-millionaire,"Democracy & Society
Democratic Institutions and the Rule of Law
Human Rights & Democratic Values",Democracy & Society,Democratic Institutions and the Rule of Law,Human Rights & Democratic Values,Land/Planning,Democratic Values/Institutional Norms,,"5
4",Short-Term Investigative,1,Media Amplification,,,Translation,כלכליסט,Calcalist,,
8,"""במשטר סמכותני, העמוד הראשון בספר ההנחיות הוא שליטה בשירות הביטחון""","In Authoritarian Regimes, Controlling the Security Services Comes First'",2025-01-21,21-Jan-2025,Chen Shalita,https://www.shomrim.news/hebrew/the-next-target-the-idf,"Democracy & Society
 Democratic Institutions and the Rule of Law
 Human Rights & Democratic Values",Democracy & Society,Democratic Institutions and the Rule of Law,Human Rights & Democratic Values,Gatekeepers/Watchdog Institutions,Democratic Values/Institutional Norms,,"1
4",Feature,,,,,Audio Recording,,,,
9,"פנייה לנציבות שירות המדינה: לחקור האם ראש הסגל בלשכת רה""מ אישר תשלום לעובד שישב בבית","Former Netanyahu Advisor Allegedly Kept Receiving Salary After Being Ousted, Raising Suspicions of Fraudulent Public Spending",2025-01-28,28-Jan-2025,Haim Rivlin,https://www.shomrim.news/hebrew/lazimi-braverman,Democratic Institutions and the Rule of Law,Democratic Institutions and the Rule of Law,,,Gatekeepers/Watchdog Institutions,,,1,Short-Term Investigative,,,,,,,,,
10,"אסון ידוע מראש: כמות הנפט תגדל, דרישות הבטיחות בצינורות קצא""א לא טופלו","A Disaster Foretold: Oil Shipments Are Expanding, While Safety Failures in the Eilat-Ashkelon Pipeline Remain",2025-01-29,29-Jan-2025,Daniel Dolev,https://www.shomrim.news/hebrew/ktzaa-mevaker-report,Environment & Transportation,Environment & Transportation,,,Water & Infrastructure,,,6,Follow up,2,Stakeholder Reaction, 28.5 - התחקיר צוטט בידי נציג החברה להגנת הטבע בדיון בועדת החוקה בכנסת (יש וידאו),"May 28, the investigation was cited by a representative of the Society for the Protection of Nature in Israel during a discussion of the Knesset’s Constitution Committee (video available).",,,,,
11,"האחרונים לגלות: משרדי ממשלה נפרצו, מידע פרטי דלף, אבל לאזרחי ישראל אסור לדעת","Government Offices Hacked, Private Data Leaked—But Israeli Citizens Are Kept in the Dark",2025-01-30,30-Jan-2025,Milan Cerny,https://www.shomrim.news/hebrew/gag-orders-inflation,"Democracy & Society
Democratic Institutions and the Rule of Law",Democracy & Society,Democratic Institutions and the Rule of Law,,Gatekeepers/Watchdog Institutions,Democratic Values/Institutional Norms,,"1
4",Short-Term Investigative,,,,,"Audio Recording, Translation",,,,
12,"עיריית לוד נגד ממשלת ישראל: ""הפקרות שלטונית, אפליה ומציאות חיים בלתי נסבלת""","The Lod Municipality vs. the Israeli Government: Negligence, Discrimination, and an Unlivable Reality",2025-02-04,4-Feb-2025,Daniel Dolev,https://www.shomrim.news/hebrew/lod-follow,"Economy, Finance, Inequality, Poverty
Marginalized Communities
Democracy & Society","Economy, Finance, Inequality, Poverty",Marginalized Communities,Democracy & Society,Gatekeepers/Watchdog Institutions,Democratic Values/Institutional Norms,,"1
4",Follow up,2,Stakeholder Reaction,התחקיר של שומרים מופיע בנספחים של העתירה של עיריית לוד נגד משטרת ישראל,The Shomrim investigation appears in the appendices of the Lod Municipality’s petition against the Israel Police.,Translation,,,,
13,"אכיפה בררנית: כשפוליטיקאים מהשלטון מתלוננים על מפגינים, פתאום יש משטרה","Selective Enforcement: When Ruling-Party Politicians Complain About Protesters, Police Act",2025-02-04,4-Feb-2025,Chen Shalita,https://www.shomrim.news/hebrew/selective-enforcement,"Democracy & Society
 Democratic Institutions and the Rule of Law
 Human Rights & Democratic Values",Democracy & Society,Democratic Institutions and the Rule of Law,Human Rights & Democratic Values,Gatekeepers/Watchdog Institutions,Democratic Values/Institutional Norms,,"1
4",Feature,,,,,,,,,
14,"המושבניק שהעז: עתירה לבג""ץ עשויה לשים סוף לעסקאות המיליונים של מכירת נחלות במושבים",The Farmer Who Spoke Up: A Supreme Court Petition Could End Multi-Million-Shekel Land Deals,2025-02-07,7-Feb-2025,Shuki Sadeh,https://www.shomrim.news/hebrew/the-moshavnik-who-dares,"Democracy & Society
Economy, Finance, Inequality, Poverty",Democracy & Society,"Economy, Finance, Inequality, Poverty",,Judicial System & Courts,Land/Planning,Democratic Values/Institutional Norms,"3
5
4",Investigative,1,Media Amplification,,,,המרקר,TheMarker,,
15,"חשיפה: משרד הביטחון ביטל את מכרז הענק לרכישת רובי סער חדשים לצה""ל",Exposed: Defense Ministry Cancels Massive Tender for New IDF Assault Rifles,2025-02-10,10-Feb-2025,"Roni Singer, Daniel Dolev",https://www.shomrim.news/hebrew/ari-arms-cancelled,Democratic Institutions and the Rule of Law,Democratic Institutions and the Rule of Law,,,Gatekeepers/Watchdog Institutions,Military & Reserve Forces,,"1
2",Follow up,"3, 1","Media Amplification, Real-World Change","משרד הביטחון ביטל את זכייתה של חברת 'ארי ארמס' במכרז לאספקת עשרות אלפי רובי סער לצה""ל ובנוסף גם ביטל את המכרז כולו. 
חודש לפני כן חשף תחקיר שומרים כי ארי ארמס שכרה כיועץ למכרז את עו""ד יצחק וכטל שהיה עד לפני שנים ספורות סגן היועץ המשפטי של אגף הרכש והמכרזים במשרד הביטחון. לאחר פרסום המכרז המקורי, שהיה מכרז ""סגור"", פנה וכטל בשם החברה למשרד וביקש שהמכרז יפורסם מחדש כ""פתוח"" על מנת שהחברה תוכל להתמודד בו. המשרד נענה לבקשתו.","The Ministry of Defense canceled the award granted to the company 'ARI ARMS' in the tender for supplying tens of thousands of assault rifles to the IDF, and additionally canceled the entire tender. A month earlier, a Shomrim investigation revealed that ARI ARMS had hired attorney Itzhak Vakhtel as a consultant for the tender; until just a few years ago, Vakhtel had served as deputy legal advisor of the Procurement and Tenders Division at the Ministry of Defense. After the publication of the original tender — which was a ‘closed’ tender — Vakhtel, on behalf of the company, asked the ministry to reissue the tender as an ‘open’ one so that the company could compete. The ministry accepted his request.",,כלכליסט,Calcalist,,
16,"משטרה תחת אזהרה: השחיתות הציבורית לא נעלמה, החקירות דווקא כן","Police Under Caution: Political Corruption Hasn’t Disappeared, but the Investigations Have",2025-02-10,10-Feb-2025,Roni Singer,https://www.shomrim.news/hebrew/police-under-warning,Democratic Institutions and the Rule of Law,Democratic Institutions and the Rule of Law,,,Gatekeepers/Watchdog Institutions,,,1,Feature,,,,,Translation,,,,
17,"מוסר כפול תוצרת אירופה: ביד אחת מטילים אמברגו נשק על ישראל, בשנייה קונים ממנה נשק מתקדם","European Double Standards: One Hand Slaps Sanctions on Israel, the Other Buys Advanced Weapons System",2025-02-13,13-Feb-2025,Milan Cerny,https://www.shomrim.news/hebrew/european-double-standards,"Democracy & Society
Human Rights & Democratic Values
October 7 War",Democracy & Society,Human Rights & Democratic Values,October 7 War,Democratic Values/Institutional Norms,Military & Reserve Forces,,"4
2",Investigative,1,Media Amplification,,,Translation,N12,N12,,
18,עסקת ענק ותרומת עתק להתנחלות בעזה: סימני השאלה סביב המהלכים הפיננסים של המולטי מיליונרית בת ה-100,Megadeals and a Huge Donation to Gaza Settlements: Questions Asked Over 100-Year-Old Multimillionaire’s Financial Dealings,2025-02-16,16-Feb-2025,Uri Blau,https://www.shomrim.news/hebrew/a-hundred-year-old-multi-millionaire,"Economy, Finance, Inequality, Poverty
Human Rights & Democratic Values","Economy, Finance, Inequality, Poverty",Human Rights & Democratic Values,,Democratic Values/Institutional Norms,Land/Planning,,"4
5",Follow up,1,Media Amplification,"באוגוסט נודע לשומרים כי חשבונות הבנק של לאה דנקנר הוקפאו. כנראה בידי הבנק עצמו, ולא האופטרופוס הראשי. לא ברור כיצד הקפאת החשבונות משפיע על העברת כספי התרומה","In August, Shomrim learned that Lea Dankner’s bank accounts had been frozen — apparently by the bank itself and not by the Administrator General. It is unclear how the freezing of the accounts affects the transfer of the donation funds.",Translation,כלכליסט,Calcalist,,
19,"לא רק בלשכת נתניהו: השרים ישראל כ""ץ וגילה גמליאל העסיקו את שרוליק איינהורן כעוזר פוליטי",Ministers Katz and Gamliel Employed Shrulik Einhorn as a Political Aide,2025-02-17,17-Feb-2025,Roni Singer,https://www.shomrim.news/hebrew/not-just-netanyahu,"Democracy & Society
Democratic Institutions and the Rule of Law",Democracy & Society,Democratic Institutions and the Rule of Law,,Gatekeepers/Watchdog Institutions,,,1,Investigative,1,Media Amplification,,,,כלכליסט,Calcalist,,
20,הלובי הקטארי: ראש המטה של נתניהו ב–2016 עזר לקטאר לחמוק מסנקציות בגין תמיכה בטרור,The Qatari Lobby: Netanyahu’s 2016 Chief of Staff Helped Qatar Evade Terror-Financing Sanctions,2025-02-19,19-Feb-2025,Haim Rivlin,https://www.shomrim.news/hebrew/the-qatari-connection,"Democracy & Society
Democratic Institutions and the Rule of Law",Democracy & Society,Democratic Institutions and the Rule of Law,,Gatekeepers/Watchdog Institutions,Democratic Values/Institutional Norms,,"1
4",Investigative,1,Media Amplification,,,Audio Recording,המרקר,TheMarker,,
21,"דוח מיוחד: אלפי שב""חים מהגדה חזרו להסתנן לישראל וכך הם מסתתרים",Special Report: Palestinian Laborers are Once Again Entering Israel Illegally: This is How They Hide,2025-02-20,20-Feb-2025,Fadi Amun,https://www.shomrim.news/hebrew/shebahim-are-back,"Democracy & Society
Human Rights & Democratic Values",Democracy & Society,Human Rights & Democratic Values,,Democratic Values/Institutional Norms,Extreme Social Phenomena,,"4
8",Short-Term Investigative,1,Media Amplification,,,Translation,הארץ אנגלית,Haaretz (English edition),,
22,"""זה כאילו הרשויות אומרות לנו 'קיבלתם את הילד שלכם חי? סתמו ת'פה ותחזרו לעבוד""",Hostages and their Families: Is the Government Doing Enough?,2025-02-20,20-Feb-2025,Chen Shalita,https://www.shomrim.news/hebrew/after-the-return,October 7 War,October 7 War,,,Extreme Social Phenomena,,,8,Feature,,,,,Translation,,,,
23,"הפאנליסטים: כך הפכו ""הביטחוניסטים"" לזרוע טלוויזיונית שמסריה דומים להפליא לאלו של נתניהו","How ‘Habithonistim’ Took Over Israeli Screens, Eerily Echoing Netanyahu’s Messaging",2025-02-21,21-Feb-2025,Shuki Sadeh,https://www.shomrim.news/hebrew/habithonistim,"Democracy & Society
October 7 War",Democracy & Society,October 7 War,,Democratic Values/Institutional Norms,Military & Reserve Forces,,"4
2",Short-Term Investigative,1,Media Amplification,,,"Translation, Audio Recording",המרקר,TheMarker,,
24,"הזיהום נמשך: ""אנחנו במרוץ נגד הזמן, כל יום שעובר אנחנו מזהמים את הנחל""",Pollution Persists: 'We’re Racing Against Time - Every Day the Stream Is Being Contaminated',2025-02-24,24-Feb-2025,Haim Rivlin,https://www.shomrim.news/hebrew/pollution-continues,Environment & Transportation,Environment & Transportation,,,Water & Infrastructure,,,6,Follow up,1,Media Amplification,,,,Ynet,Ynet,,
25,"חשיפה: מפקד גדול של מתנדבי איחוד הצלה לליכוד, במטרה ""להשפיע על מפלגת השלטון""",Shomrim Exposé: Hundreds of United Hatzalah Volunteers Enlisted in Organized Likud Membership Drive,2025-02-24,24-Feb-2025,Shuki Sadeh,https://www.shomrim.news/hebrew/hatzalahe-likud,"Democracy & Society
 Democratic Institutions and the Rule of Law",Democracy & Society,Democratic Institutions and the Rule of Law,,Gatekeepers/Watchdog Institutions,Democratic Values/Institutional Norms,,"1
4",Short-Term Investigative,,,,,,,,,
26,"אז מה הוא עושה במיאמי? גילויים חדשים על החיים של יאיר נתניהו בארה""ב",So what is he doing in Miami? New revelations about the life of Yair Netanyahu in the U.S.,2025-02-27,27-Feb-2025,Uri Blau,https://www.shomrim.news/hebrew/yair-netanyahu,Democracy & Society,Democracy & Society,,,Democratic Values/Institutional Norms,,,4,Investigative,1,Media Amplification,,,,Ynet,Ynet,,
27,"לא לומדים: צה""ל חידד נהלים, אך העלאת סרטוני חיילים ברשתות החברתיות נמשכת גם מהלחימה בגדה","No Lessons Learned: Despite New Rules, IDF Soldiers Keep Posting Videos Online",2025-02-27,27-Feb-2025,Milan Cerny,https://www.shomrim.news/hebrew/videos-soldiers-west-bank,"October 7 War
Human Rights & Democratic Values",October 7 War,Human Rights & Democratic Values,,Extreme Social Phenomena,Democratic Values/Institutional Norms,Military & Reserve Forces,"8
4
2",Follow up,1,Media Amplification,,,,N12,N12,,
28,"מקובלת, מושרשת ולא מדוברת: במוסדות החינוך החרדיים אין כמעט ילד שלא יודע מהי אלימות של מורים",Silent Scars: The Enduring Impact of Violence in Haredi Education,2025-02-28,28-Feb-2025,Lir Spiriton,https://www.shomrim.news/hebrew/teacher-violence,"Democracy & Society
Marginalized Communities",Democracy & Society,Marginalized Communities,,Democratic Values/Institutional Norms,,,4,Investigative,1,Media Amplification,,,"Audio Recording, Translation",מאקו,Mako,,
29,מעקב שומרים: אחת החברות הגדולות בישראל לפינוי פסולת הורשעה בזיהום שטחים חקלאיים,Shomrim Follow-up: One of Israel’s Largest Waste Disposal Firms Convicted of Agricultural Pollution,2025-03-02,2-Mar-2025,Daniel Dolev,https://www.shomrim.news/hebrew/caradi-follow,Environment & Transportation,Environment & Transportation,,,Water & Infrastructure,,,6,Follow up,,,,,,,,,
30,טראמפ ומאסק מחסלים את גוף הסיוע האמריקאי הגדול בעולם: ישראלים רבים ישלמו ביוקר,Trump and Musk Move to Dismantle USAID - Israelis Could Pay the Price,2025-03-05,5-Mar-2025,Milan Cerny,https://www.shomrim.news/hebrew/usaid-and-israel,Democracy & Society,Democracy & Society,,,Democratic Values/Institutional Norms,,,4,Investigative,1,Media Amplification,16.3 - מילאן התראיין לכאן רקע על התחקיר (דקה 19:35),"Mar 16, Milan was interviewed on KAN Rekka about the investigation (minute 19:35)",Audio Recording,רדיו רקע (כאן),Reka Radio (KAN),,
31,"יאח""ה בודקת אם לפתוח בחקירה נגד NSO ופקידים במשרד הביטחון בשל עסקה למכירת רוגלות באפריקה",Police Unit Probes Possible Investigation Into NSO and Defense Officials Over Spyware Deal in Africa,2025-03-06,6-Mar-2025,Haim Rivlin,https://www.shomrim.news/hebrew/nso-africa,"Economy, Finance, Inequality, Poverty
Democratic Institutions and the Rule of Law","Economy, Finance, Inequality, Poverty",Democratic Institutions and the Rule of Law,,Gatekeepers/Watchdog Institutions,Military & Reserve Forces,Democratic Values/Institutional Norms,"1
2
4",Short-Term Investigative,1,Media Amplification,,,,כלכליסט,Calcalist,,
32,כמה אנשים מתים מאופיואידים בישראל? אף אחד לא באמת יודע,How many people in Israel die from opioids? No one really knows,2025-03-10,10-Mar-2025,"Daniel Dolev, Haim Rivlin",https://www.shomrim.news/hebrew/death-from-opioids,Health,Health,,,Extreme Social Phenomena,,,8,Follow up,,,,,,,,,
33,13 ח״כים במכתב חריג לפרקליט המדינה: ערער בדחיפות על שחרורו מהכלא של עבריין המין הפסיכולוג לשעבר יובל כרמי,13 Lawmakers Urge State Prosecutor to Appeal the Release of Convicted Sex Offender Yuval Karmi,2025-03-11,11-Mar-2025,Haim Rivlin,https://www.shomrim.news/hebrew/carmi-case-follow,Marginalized Communities,Marginalized Communities,,,Judicial System & Courts,,,3,Follow up,,,,,,,,,
34,"רווק בן 30, לא אצלנו ביישוב: בן מושב דתי טוען שנדחה בוועדת הקבלה בשל חשד שהוא הומוסקסואל",A 30-Year-Old Single Man? Not in Our Community': Religious Village Rejects Applicant Over Suspected Sexual Orientation,2025-03-12,12-Mar-2025,Shuki Sadeh,https://www.shomrim.news/hebrew/keshet-golan,"Economy, Finance, Inequality, Poverty","Economy, Finance, Inequality, Poverty",,,Land/Planning,Democratic Values/Institutional Norms,,"5
4",Follow up,,,,,,,,,
35,"""כששואלים אותי אם זה פייר שאנחנו מנצלים את המצב הרגיש הזה להדתה, אני אומרת, שתפקידנו לאפשר לזה לקרות""","When Asked If It’s Fair to Exploit This Sensitive Situation for Religious Indoctrination, I Say: That’s Our Job to Make it Possible'",2025-03-13,13-Mar-2025,Chen Shalita,https://www.shomrim.news/hebrew/faith-or-stress,October 7 War,October 7 War,,,Extreme Social Phenomena,Democratic Values/Institutional Norms,,"8
4",Feature,,,,,,,,,
36,מסלול הבגידה: מנגנון גיוס המרגלים של איראן והצעירים הישראלים שעל הכוונת,The Path to Betrayal: How Iran Recruits Israeli Youths as Spies,2025-03-19,19-Mar-2025,Milan Cerny,https://www.shomrim.news/hebrew/iran-spies-in-israel,Democracy & Society,Democracy & Society,,,Democratic Values/Institutional Norms,,,4,Investigative,,,,,,,,,
37,"חשיפה: כך חדר הכסף הקטארי לתוכניות לימוד על ישראל בבתי ספר יסודיים בארה""ב",Follow the Money: Qatar’s Hidden Hand in U.S. Education,2025-03-20,20-Mar-2025,Haim Rivlin,https://www.shomrim.news/hebrew/qatari-money-usa,Democracy & Society,Democracy & Society,,,Democratic Values/Institutional Norms,,,4,Investigative,1,Media Amplification,,,"Translation, Audio Recording",Ynet,Ynet,ערוץ 10,Channel 10
38,חשיפה: החוזה של הלוביסט האמריקאי חייב אותו להעביר את העסקת פלדשטיין לאישור קטאר,Qatargate: Contract Reveals that Qatari Approval Prerequisite for Nentanyahu's Spokesperson Hiring,2025-03-24,24-Mar-2025,Uri Blau,https://www.shomrim.news/hebrew/footlilk-feldsrein,"Democracy & Society
Democratic Institutions and the Rule of Law",Democracy & Society,Democratic Institutions and the Rule of Law,,Gatekeepers/Watchdog Institutions,Democratic Values/Institutional Norms,,"1
4",Investigative,1,Media Amplification,,,Translation,"Ynet, ידיעות אחרונות, הארץ","Ynet, Yedioth Ahronoth, Haaretz",,
39,"האיום אחרי 5 חודשי מילואים בעזה: קנס של 5,000 שקל אם לא תגיע לעוד סבב שירות","After Five Months of Gaza Reserve Duty: A Threat of a $1,300 Fine for Skipping the Next Call-Up",2025-03-26,26-Mar-2025,Uri Blau,https://www.shomrim.news/hebrew/miluim-threats,"Democracy & Society
October 7 War",Democracy & Society,October 7 War,,Military & Reserve Forces,Democratic Values/Institutional Norms,,"2
4",Short-Term Investigative,1,Media Amplification,,,,כלכליסט,Calcalist,מתחת לראדר,Under the Radar
40,מסמך בלעדי: שומרים חושף את הפרוטוקולים של המשטרה לאישור מסיבת הנובה,Exclusive Document: Shomrim Reveals Police Protocols Approving the Nova Festival,2025-03-27,27-Mar-2025,Roni Singer,https://www.shomrim.news/hebrew/nova-police-protocols,October 7 War,October 7 War,,,Gatekeepers/Watchdog Institutions,,,1,Explanatory,1,Media Amplification,,,,"Ynet, גלצ","Ynet, Galatz (Army Radio)",,
41,"המאבק בחיילי צה""ל מחריף: יותר מ-350 ג'יגה של סרטונים עלו לרשת ונשלחו להאג",The Digital Offensive on IDF Soldiers: 350GB of Footage Submitted to The Hague,2025-03-29,29-Mar-2025,Milan Cerny,https://www.shomrim.news/hebrew/anti-israeli-databases,October 7 War,October 7 War,,,Military & Reserve Forces,Judicial System & Courts,,"2
3",Investigative,1,Media Amplification,,,Translation,"N12, מאקו, The Times of Israel","N12, Mako, The Times of Israel",,
42,"המאבק בשומרי הסף: ""מי שמאמין שהממשלה תבלום ברגע אחרון חי בסרט""",The War on Gatekeepers: 'Anyone Who Thinks the Government Will Stop at the Last Minute Is Delusional',2025-03-31,31-Mar-2025,Chen Shalita,https://www.shomrim.news/hebrew/shabak-conflict,"Democratic Institutions and the Rule of Law
Democracy & Society",Democratic Institutions and the Rule of Law,Democracy & Society,,Gatekeepers/Watchdog Institutions,Democratic Values/Institutional Norms,,"1
4",Explanatory,,,,,,,,,
43,דליפת ענק: עוד פרטים רגישים של אלפי ישראלים דלפו מהמשרד לביטחון לאומי,Massive Data Breach: Sensitive Details of Thousands of Israelis Leaked From National Security Ministry,2025-04-02,2-Apr-2025,Milan Cerny,https://www.shomrim.news/hebrew/huge-leak,Democratic Institutions and the Rule of Law,Democratic Institutions and the Rule of Law,,,Gatekeepers/Watchdog Institutions,,,1,Short-Term Investigative,1,Media Amplification,,,,,,,
44,שיטת הפרוקסי: כך השתתף הציבור במימון קמפיינים והפגנות של ארגוני ימין,The Proxy Method: How the Public Helped Fund Right-Wing Campaigns and Protests,2025-04-04,4-Apr-2025,Shuki Sadeh,https://www.shomrim.news/hebrew/the-proxy-method,"Democratic Institutions and the Rule of Law
Democracy & Society",Democratic Institutions and the Rule of Law,Democracy & Society,,Democratic Values/Institutional Norms,,,4,Investigative,1,Media Amplification,,,,המרקר,TheMarker,,
45,"ילדים בלי כיסוי: ""בריאות ילדים זה לא קלף במדיניות הגירה""",Children Without Coverage: 'Child Health Is Not a Bargaining Chip in Immigration Policy',2025-04-07,7-Apr-2025,Daniel Dolev,https://www.shomrim.news/hebrew/children-without-cover,"Human Rights & Democratic Values
Democracy & Society",Human Rights & Democratic Values,Democracy & Society,,Extreme Social Phenomena,Democratic Values/Institutional Norms,,"8
4",Short-Term Investigative,1,Media Amplification,,,,מאקו,Mako,,
46,לא רק כולרה: חומרים מסרטנים נמצאו באחד משני מאגרי המים האסטרטגיים של ישראל,Not Just Cholera: Carcinogenic Substances Found in One of Israel’s Strategic Water Reservoirs,2025-04-08,8-Apr-2025,Haim Rivlin,https://www.shomrim.news/hebrew/strategic-water-reservoir-in-danger,Health ,Health,,,Water & Infrastructure,,,6,Short-Term Investigative,"1, 2","Media Amplification, Stakeholder Reaction",8.2 ועדת הפנים קיימה דיון על הסכנות הבריאותיות בעקבות זיהום מי התהום בנחל שקמה - בעקבות פרסום התחקיר,"Feb 8, the Interior Committee held a discussion on the health risks resulting from the contamination of groundwater in the Shikma Stream — following the publication of the investigation",,Ynet,Ynet,,
47,האונס שנשאר: כך מושתקות תלונות על תקיפות מיניות בציבור החרדי,How Sexual Abuse Is Covered Up in Ultra-Orthodox Communities,2025-04-10,10-Apr-2025,Lir Spiriton,https://www.shomrim.news/hebrew/silenced-sexual-assaults,Marginalized Communities,Marginalized Communities,,,Extreme Social Phenomena,Democratic Values/Institutional Norms,,"8
4",Short-Term Investigative,1,Media Amplification,,,Translation,מאקו,Mako,,
48,"מצוקת כוח האדם בצה""ל: הצבא האריך את השירות של רבע מהחיילות בשמונה חודשים נוספים",Manpower Crisis in the IDF: One-Quarter of Female Soldiers Had Their Service Extended by Eight Months,2025-04-10,10-Apr-2025,Chen Shalita,https://www.shomrim.news/hebrew/female-soldiers-serve-longer,Democracy & Society,Democracy & Society,,,Military & Reserve Forces,Democratic Values/Institutional Norms,,"2
4",Feature,1,Media Amplification,,,,כלכליסט,Calcalist,,
49,"החבר של פוטין: יוצאי בלארוס בישראל נרדפים על ידי הקג""ב של לוקשנקו",Putin’s Ally: Belarusian Exiles in Israel Targeted by Lukashenko’s KGB,2025-04-21,21-Apr-2025,Milan Cerny,https://www.shomrim.news/hebrew/belarus-kgb,"Marginalized Communities
Democracy & Society",Marginalized Communities,Democracy & Society,,Democratic Values/Institutional Norms,,,4,Short-Term Investigative,,,,,,,,,
50,קטאר לא עוצרת: מגייסת לוביסט חדש שמקורב לממשל טראמפ,Qatar Hires Pardoned Trump Ally as New U.S Lobbyist,2025-04-22,22-Apr-2025,Uri Blau,https://www.shomrim.news/hebrew/qatar-kerik,"October 7 War
Democratic Institutions and the Rule of Law",October 7 War,Democratic Institutions and the Rule of Law,,Gatekeepers/Watchdog Institutions,,,1,Short-Term Investigative,1,Media Amplification,,,"Translation, Audio Recording",כלכליסט,Calcalist,,
51,הדרך לסיפוח: עמוק מתחת לרדאר סוללת ישראל מאות קילומטרים של כבישים חדשים ביהודה ושומרון,Paving the Way to Annexation: Israel Quietly Builds New Roads in the West Bank,2025-04-24,24-Apr-2025,Daniel Dolev,https://www.shomrim.news/hebrew/roads-in-the-west-bank,"Democratic Institutions and the Rule of Law
Marginalized Communities
Human Rights & Democratic Values",Democratic Institutions and the Rule of Law,Marginalized Communities,Human Rights & Democratic Values,Land/Planning,Democratic Values/Institutional Norms,,"5
4",Short-Term Investigative,,,,,Translation,,,,
52,הזוכה במכרז משרד הביטחון למצעד החיים: אחת הנאשמות בפרשת קרטל המסעות לפולין,Defense Ministry Tender Winner for the March of the Living: One of the Defendants in the Poland Travel Cartel Case,2025-04-24,24-Apr-2025,Shuki Sadeh,https://www.shomrim.news/hebrew/march-of-the-living-bid,"Economy, Finance, Inequality, Poverty","Economy, Finance, Inequality, Poverty",,,Gatekeepers/Watchdog Institutions,Democratic Values/Institutional Norms,,"1
4",Investigative,1,Media Amplification,,,,כלכליסט,Calcalist,,
53,מה הוא רוצה? האג'נדה מאחורי הפרובוקציות של בצלאל סמוטריץ',What does he want? The agenda behind Bezalel Smotrich’s provocations,2025-04-29,29-Apr-2025,Chen Shalita,https://www.shomrim.news/hebrew/what-does-smotrich-want,Human Rights & Democratic Values,Human Rights & Democratic Values,,,Gatekeepers/Watchdog Institutions,Democratic Values/Institutional Norms,,"1
4",Feature,,,,,Audio Recording,,,,
54,"הקורבנות השקופים של המלחמה: עלייה במספר החיילים המתאבדים, רובם מילואימניקים","The Transparent Victims of the War: Rise in Soldier Suicides, Mostly Reservists",2025-05-02,2-May-2025,Yael Shani,https://www.shomrim.news/hebrew/soldier-suicide,"October 7 War
Health
Welfare",October 7 War,Health,Welfare,Extreme Social Phenomena,Military & Reserve Forces,Democratic Values/Institutional Norms,"8
2
4",Feature,1,Media Amplification,התפרסם במוסף 7 ימים,"It was published in 7 Days, the weekly magazine","Audio Recording, Translation, Photography",ידיעות אחרונות,Yedioth Ahronoth,,
55,"שטח הפקר: צה""ל הציף את יו""ש בכלי נשק, אבל לא בודק מה קורה איתם אחר כך",No man’s land: The IDF flooded the West Bank with Weapons - Then Lost Track of Them,2025-05-05,5-May-2025,Daniel Dolev,https://www.shomrim.news/hebrew/chaos-settlers-weapon-follow,"Human Rights & Democratic Values
Marginalized Communities
Democratic Institutions and the Rule of Law",Human Rights & Democratic Values,Marginalized Communities,Democratic Institutions and the Rule of Law,Military & Reserve Forces,Democratic Values/Institutional Norms,,"2
4",Follow up,,,,,,,,,
56,לא רק הממשלה מושכת זמן: תחקיר המשטרה על טבח ה-7 באוקטובר - רק בסוף 2026,Not Just the Government Is Stalling: The Police Probe Into the Oct. 7 Massacre Won’t Be Completed Until Late 2026,2025-05-07,7-May-2025,Uri Blau,https://www.shomrim.news/hebrew/police-october7,October 7 War,October 7 War,,,Gatekeepers/Watchdog Institutions,,,1,Short-Term Investigative,,,,,,,,,
57,"בין נפוטיזם למקורביזם: קרבות הנדל""ן וחלוקת הנחלות במושבים",Between Nepotism and Cronyism: Real Estate Battles and Land Allocations in Rural Communities,2025-05-08,8-May-2025,Shuki Sadeh,https://www.shomrim.news/hebrew/battles-of-the-estates,"Economy, Finance, Inequality, Poverty","Economy, Finance, Inequality, Poverty",,,Gatekeepers/Watchdog Institutions,Land/Planning,Democratic Values/Institutional Norms,"1
5
4",Investigative,"1, 2","Media Amplification, Stakeholder Reaction",13.7 רשם האגודות השיתופיות הודיע שיפתח בחקירה של הנושא,"Jul 13, the Registrar of Cooperative Societies announced that he would open an investigation into the matter.",Photography,מאקו,Mako,,
58,המנגנון שמוקם בחשאי למימון ותפעול התוכנית ההומניטרית בעזה,The Secretly Established Mechanism for Funding and Operating the Humanitarian Program in Gaza,2025-05-11,11-May-2025,Uri Blau,https://www.shomrim.news/hebrew/gaza-humanitarian,October 7 War,October 7 War,,,Gatekeepers/Watchdog Institutions,Military & Reserve Forces,,"1
2",Investigative,1,Media Amplification,"24.5 - תחקיר של הניו יורק טיימס, מצטט מהממצאים של שומרים (בלי קרדיט), שמראה כיצד אותם אנשים פועלים מאחורי הארגונים השונים שאמורים לספק סיוע הומניטרי לעזה - https://www.nytimes.com/2025/05/24/world/middleeast/israel-gaza-aid-plan.html?smid=nytcore-android-share","May 24, a New York Times investigation quoted Shomrim’s findings (without credit), showing how the same individuals operate behind the various organizations that are supposed to provide humanitarian aid to Gaza - https://www.nytimes.com/2025/05/24/world/middleeast/israel-gaza-aid-plan.html?smid=nytcore-android-share",Translation,כלכליסט,Calcalist,,
59,"חשיפה: חברת התוכנה שנפרצה בוושינגטון, עבדה גם עם משרדי הממשלה בארץ",Exposed: Software Firm Hacked in Washington Also Worked With Israeli Government,2025-05-11,11-May-2025,Milan Cerny,https://www.shomrim.news/hebrew/telemessage-hacked,Democracy & Society,Democracy & Society,,,Gatekeepers/Watchdog Institutions,Democratic Values/Institutional Norms,,"1
4",Short-Term Investigative,1,Media Amplification,,,,כלכליסט,Calcalist,,
60,"כמעט שנה לאסון מג'דל שמס, משפחות הפצועים טוענות שנשכחו מאחור; ""הילדים זקוקים לעזרה, ואנחנו אלה שמשלמים""",Majdal Shams Disaster Victims’ Families: Israel Has Forgotten Us,2025-05-15,15-May-2025,Fadi Amun,https://www.shomrim.news/hebrew/majdal-shams-disaster,October 7 War,October 7 War,,,Democratic Values/Institutional Norms,,,4,Investigative,1,Media Amplification,,,"Translation, Photography",Ynet,Ynet,,
61,"שוויון חברתי? לא לערבים, להט""ב וניצולי שואה; ""כמעט הכל נדחה, מקוצץ או שסתם מסבנים אותך""","Social Equality? Not for Arabs, LGBTQ People, or Holocaust Survivors",2025-05-21,21-May-2025,Haim Rivlin,https://www.shomrim.news/hebrew/may-golan-report,"Democratic Institutions and the Rule of Law
Human Rights & Democratic Values
Marginalized Communities",Democratic Institutions and the Rule of Law,Human Rights & Democratic Values,Marginalized Communities,Arab Society,Democratic Values/Institutional Norms,,"7
4",Short-Term Investigative,,,,,,,,,
62,"מאחורי הדוכנים והתדמית של יהדות מחברת: הציר הפוליטי החדש בין חב""ד לבן גביר נחשף",Chabad Picks a Side: The Ben-Gvir Alliance,2025-05-22,22-May-2025,Lir Spiriton,https://www.shomrim.news/hebrew/chabad-bengvir,"Human Rights & Democratic Values, Democracy & Society","Human Rights & Democratic Values, Democracy & Society",,,Gatekeepers/Watchdog Institutions,Democratic Values/Institutional Norms,,"1
4",Investigative,1,Media Amplification,,,"Translation, Audio Recording","מאקו, הארץ אנגלית","Mako, Haaretz (English edition)",,
63,חשיפה: כספי הטרור ממשיכים לזרום אל ארנקי הקריפטו של חמאס,"Eighteen Months Into the War, Crypto Funds Continue to Flow to Hamas",2025-05-22,22-May-2025,Uri Blau,https://www.shomrim.news/hebrew/hamas-crypto-continues,"October 7 War
Economy, Finance, Inequality, Poverty",October 7 War,"Economy, Finance, Inequality, Poverty",,Gatekeepers/Watchdog Institutions,Democratic Values/Institutional Norms,,"1
4",Investigative,1,Media Amplification,,,Translation,"N12, מאקו","N12, Mako",,
64,חשיפה: חברת האבטחה האמריקאית שאמורה לפעול בעזה מגייסת אנשי מודיעין,Exposed: U.S. Security Firm Slated for Gaza Operations Is Recruiting Intelligence Operatives,2025-05-25,25-May-2025,"Uri Blau, Milan Cerny",https://www.shomrim.news/hebrew/gaza-aid-security,"October 7 War
Human Rights & Democratic Values",October 7 War,Human Rights & Democratic Values,,Democratic Values/Institutional Norms,,,4,Investigative,1,Media Amplification,,,Translation,Ynet,Ynet,Le Monde,Le Monde
65,חשיפה: העמותה השוויצרית לחלוקת מזון בעזה נסגרת,Exposed: Swiss Aid Organization Distributing Food in Gaza Is Shutting Down,2025-05-25,25-May-2025,"Uri Blau, Milan Cerny",https://www.shomrim.news/hebrew/ghf-switzerland,"October 7 War
Human Rights & Democratic Values",October 7 War,Human Rights & Democratic Values,,Democratic Values/Institutional Norms,,,4,Investigative,1,Media Amplification,,,Translation,Ynet,Ynet,,
66,"הכפר הבדואי שננטש: ""אנשי המאחז הלכו בין הבתים, קיללו והפחידו את הילדים. אנחנו לא יכולים לעמוד בזה""","The Abandoned Bedouin Village: 'Settlers Came, Cursed Us, and Terrorized the Children'",2025-05-25,25-May-2025,Daniel Dolev,https://www.shomrim.news/hebrew/mughayer-al-deir,"Marginalized Communities
Human Rights & Democratic Values",Marginalized Communities,Human Rights & Democratic Values,,Arab Society,Land/Planning,,"7
5",Follow up,,,,,,,,,
67,כ-360 מיליון שקל לשלושה חודשים רק לאבטחת מבצע הסיוע בעזה – והשאלה שנותרה פתוחה: מי משלם?,$100 Million for Three Months of Securing Aid in Gaza - Who’s Paying the Bill?,2025-05-29,29-May-2025,"Uri Blau, Milan Cerny",https://www.shomrim.news/hebrew/srs-gaza-aid,"October 7 War
Human Rights & Democratic Values",October 7 War,Human Rights & Democratic Values,,Gatekeepers/Watchdog Institutions,Democratic Values/Institutional Norms,,"1
4",Investigative,,,,,,,,,
68,"מילואים כסידור עבודה: 4 שעות ביממה, 9,600 בחודש, ואפשר גם ""שבוע-שבוע""","Reserve duty as a work arrangement: Four hours a day, 9,600 shekels a month, and you can do “week-on week-off”",2025-05-29,29-May-2025,Shuki Sadeh,https://www.shomrim.news/hebrew/idf-employment-market,October 7 War,October 7 War,,,Military & Reserve Forces,Gatekeepers/Watchdog Institutions,,"2
1",Investigative,1,Media Amplification,,,Audio Recording,מאקו,Mako,,
69,"הסיוע לעזה: מפעל אריזה בחברון, כסף מהאמירויות, לוגיסטיקה ישראלית וגם האו""ם עדיין ברצועה","Gaza Aid Chain: A Packing Plant in Hebron, Emirati Funding, Israeli Logistics - and the UN Still on the Ground",2025-06-04,4-Jun-2025,Shuki Sadeh,https://www.shomrim.news/hebrew/gaza-aid-chaos,October 7 War,October 7 War,,,Democratic Values/Institutional Norms,,,4,Short-Term Investigative,1,Media Amplification,,,,בוקרא,Bokra,,
70,עד הכדור האחרון: עלייה חדה בשימוש במשככי כאבים ממכרים בקרב פצועי המלחמה,The Other Battlefield: Surge in Opioid Use Among Wounded Gaza Soldiers,2025-06-06,6-Jun-2025,Daniel Dolev,https://www.shomrim.news/hebrew/soldiers-and-opioids,"Health
October 7 War",Health,October 7 War,,Extreme Social Phenomena,Military & Reserve Forces,Gatekeepers/Watchdog Institutions,"8
2
1",Investigative,1,Media Amplification,,,"FoI, Translation, Audio Recording","ידיעות אחרונות, גלצ","Yedioth Ahronoth, Galatz (Army Radio)",מתחת לראדר,Under the Radar
71,"רק אחרי שלוש תלונות על הטרדה מינית, ב""איחוד הצלה"" הראו את הדרך החוצה לעובד הבכיר",Only After Three Sexual Harassment Complaints Did United Hatzalah Force Out a Senior Official,2025-06-10,10-Jun-2025,Shuki Sadeh,https://www.shomrim.news/hebrew/hatzalah-sexual-harassment,Marginalized Communities,Marginalized Communities,,,Gatekeepers/Watchdog Institutions,Democratic Values/Institutional Norms,,"1
4",Follow up,1,Media Amplification,,,,,,חרדים 10,Haredim 10
72,"אין לאן לברוח: הלהט""בים הפלסטינים נלחמים על חייהם, ובישראל סוגרים את הדלת",Nowhere to Run: LGBTQ Palestinians Struggle to Survive and Israel Closes the Door,2025-06-11,11-Jun-2025,Fadi Amun,https://www.shomrim.news/hebrew/palestinians-lgbtq,"Human Rights & Democratic Values
Marginalized Communities",Human Rights & Democratic Values,Marginalized Communities,,Extreme Social Phenomena,Democratic Values/Institutional Norms,,"8
4",Investigative,1,Media Amplification,,,Translation,מאקו,Mako,,
73,"""לפני הבחירות האחרונות אמר איזה פוליטיקאי ערבי, שאין הבדל בין גנץ לבן גביר. היום אף אחד לא יגיד שטויות כאלה""","Losing Faith, Seeking Power: Arab Society Prepares for the Next Election",2025-06-12,12-Jun-2025,Chen Shalita,https://www.shomrim.news/hebrew/the-israeli-arab-vote,"Democracy & Society
Marginalized Communities",Democracy & Society,Marginalized Communities,,Arab Society,Democratic Values/Institutional Norms,,"7
4",Feature,,,,,Translation,,,,
74,"""אני מפחד ממה שזה עושה לקהילה"": איך מנתקים את הקשר בין סמים ללהט""ב?",I Fear What This Is Doing to the Community': How to Break the Link Between Drugs and LGBTQ Spaces,2025-06-12,12-Jun-2025,Daniel Dolev,https://www.shomrim.news/hebrew/lgbt-and-drugs,"Democracy & Society
Health",Democracy & Society,Health,,Extreme Social Phenomena,Democratic Values/Institutional Norms,,"8
4",Feature,,,,,,,,,
75,"מחדל המיגון בערים: אלפי בניינים נוספים אמורים היו להיות ממוגנים כיום עם ממ""דים",Urban Shelter Failure: Thousands of Buildings Still Lack Required Protection,2025-06-15,15-Jun-2025,Shuki Sadeh,https://www.shomrim.news/hebrew/protection-failure,"Democracy & Society
Economy, Finance, Inequality, Poverty
October 7 War",Democracy & Society,"Economy, Finance, Inequality, Poverty",October 7 War,Gatekeepers/Watchdog Institutions,Democratic Values/Institutional Norms,,"1
4",Explanatory,,,,,,,,,
76,במיניבוס קבור מתחת לאדמה או בצינורות ביוב: עשרות אלפים ללא מיגון,A Semi-Buried Minibus or Sewage Pipes: Dozens of Israeli Bedouin Have No Access to Bomb Shelters,2025-06-15,15-Jun-2025,Fadi Amun,https://www.shomrim.news/hebrew/bedouins-without-protection,"Democracy & Society
Marginalized Communities
October 7 War",Democracy & Society,Marginalized Communities,October 7 War,Arab Society,Extreme Social Phenomena,Democratic Values/Institutional Norms,"7
8
4",Explanatory,,,,,Translation,,,,
77,תופעה איומה בזמן האזעקות: דיירים לא מאפשרים לעוברי אורח להיכנס למרחב המוגן,"During Air-Raid Sirens, Residents Refuse Shelter to Passersby",2025-06-17,17-Jun-2025,Chen Shalita,https://www.shomrim.news/hebrew/no-entry-to-the-shelter,"Democracy & Society
October 7 War",Democracy & Society,October 7 War,,Extreme Social Phenomena,Gatekeepers/Watchdog Institutions,Democratic Values/Institutional Norms,"8
1
4",Feature,,,,,,,,,
78,"תעריפי מילוט והגעה לישראל: 6,000 שקל בסירה, 4,000 דולר במטוס פרטי","$1,600 by Boat, $4,000 by Private Plane: The Price Surge in Entering and Leaving Israel",2025-06-17,17-Jun-2025,Milan Cerny,https://www.shomrim.news/hebrew/escape-rates-from-israel,"Democracy & Society
October 7 War",Democracy & Society,October 7 War,,Gatekeepers/Watchdog Institutions,,,1,Short-Term Investigative,,,,,,,,,
79,"החומרים תקועים בחו""ל – ופרויקטים של מיליונים לתרופות מצילות חיים בסכנה","With Shipments Stuck Overseas, Israel’s Life-Saving Biotech Industry Could Lose Millions",2025-06-17,17-Jun-2025,Haim Rivlin,https://www.shomrim.news/hebrew/biotech-war,"Democracy & Society
Economy, Finance, Inequality, Poverty",Democracy & Society,"Economy, Finance, Inequality, Poverty",,Gatekeepers/Watchdog Institutions,,,1,Explanatory,2,Stakeholder Reaction,"8.6 לאחר פרסום התחקיר, פנו לחברות מלשכת ח""כ מרב כהן בניסיון לפתור את המצוקה"," .June 8 - Following the publication of the investigation, companies were contacted by MK Merav Cohen’s office in an attempt to resolve the crisis",Translation,גלצ,Galatz (Army Radio),,
80,אל תשליכני: הקשישים שלא מצליחים להגיע אפילו למקלט,Do Not Forsake Me: The Elderly Left Behind in Wartime,2025-06-18,18-Jun-2025,Lir Spiriton,https://www.shomrim.news/hebrew/elderly-shelters,"Democracy & Society
October 7 War
Marginalized Communities",Democracy & Society,October 7 War,Marginalized Communities,Democratic Values/Institutional Norms,,,4,Explanatory,,,,,Translation,,,,
81,"השכנים השתלטו על המקלט – ואין מה לעשות: ""עזוב אותי, זה הבית שלי""",The Neighbors Took Over the Shelter - and There’s Nothing Anyone Can Do,2025-06-19,19-Jun-2025,Shuki Sadeh,https://www.shomrim.news/hebrew/bullying-in-shelters,"Marginalized Communities
October 7 War",Marginalized Communities,October 7 War,,Extreme Social Phenomena,Democratic Values/Institutional Norms,,"8
4",Explanatory,1,Media Amplification,פולו: שוקי התראיין ליעל דן בגלצ,Follow-up: Shuki was interviewed by Yael Dan on Galatz,,גלצ,Galatz (Army Radio),,
82,מצב חירום? דהירת חוקי ההפיכה המשטרית נמשכת בכסות המלחמה עם איראן,State of Emergency? The Judicial Overhaul Push Marches On Under Cover of War,2025-06-22,22-Jun-2025,Chen Shalita,https://www.shomrim.news/hebrew/as-if-there-is-no-war,"Democracy & Society
Democratic Institutions and the Rule of Law
October 7 War",Democracy & Society,Democratic Institutions and the Rule of Law,October 7 War,Gatekeepers/Watchdog Institutions,Democratic Values/Institutional Norms,,"1
4",Explanatory,,,,,Audio Recording,,,,
83,בניגוד להנחיות פיקוד העורף: בתי ספר במגזר החרדי פועלים כרגיל,"Defying Home Front Command Orders, Ultra-Orthodox Schools Remain Open",2025-06-23,23-Jun-2025,Lir Spiriton,https://www.shomrim.news/hebrew/bnei-brak-iran-war,"Democracy & Society
October 7 War",Democracy & Society,October 7 War,,Gatekeepers/Watchdog Institutions,Democratic Values/Institutional Norms,,"1
4",Short-Term Investigative,,,,,,,,,
84,"הפסקת אש? עבור תושבי המרכז שביתם נפגע, מלחמת ישראל-איראן רחוקה מסיום","Cease-Fire? For Israelis Whose Homes Were Hit, the Israel-Iran War Is Far From Over",2025-06-25,25-Jun-2025,Shuki Sadeh,https://www.shomrim.news/hebrew/war-is-far-from-over,"Democracy & Society
October 7 War",Democracy & Society,October 7 War,,Gatekeepers/Watchdog Institutions,,,1,Explanatory,1,Media Amplification,,,Audio Recording,מאקו,Mako,,
85,נמלטו ממלחמה אחת ונהרגו באחרת: המלכוד של יוצאי אוקראינה בישראל,They Fled One War and Died in Another: Ukrainian Refugees’ Deadly Trap in Israel,2025-06-25,25-Jun-2025,Milan Cerny,https://www.shomrim.news/hebrew/ukraine-refugees-dilemma,"Democracy & Society
Marginalized Communities
October 7 War",Democracy & Society,Marginalized Communities,October 7 War,Extreme Social Phenomena,Democratic Values/Institutional Norms,,"8
4",Explanatory,,,,,,,,,
86,"""אגף המרגלים"" נחשף: כך מוחזקים בכלא הנאשמים בריגול עבור איראן",Inside the 'Spy Wing': How Suspects Accused of Espionage for Iran Are Held in Prison,2025-06-26,26-Jun-2025,Roni Singer,https://www.shomrim.news/hebrew/the-spy-sector,"Democracy & Society
October 7 War",Democracy & Society,October 7 War,,Judicial System & Courts,Gatekeepers/Watchdog Institutions,,"3
1",Investigative,1,Media Amplification,רוני התראיינה לרדיו רקע על הכתבה בנושא המרגלים האיראנים,Roni was interviewed on Radio Rekka about the investigation on the Iranian spies,,"N12, רדיו רקע (כאן)","N12, Reka Radio (KAN)",,
87,מוכר משקאות נגד הנגאובר שנעצר לאחרונה: זה האיש מאחורי אבטחת הסיוע ההומניטרי בעזה,The Man Behind Security for the Gaza Humanitarian Aid Project,2025-07-01,1-Jul-2025,"Uri Blau, Milan Cerny",https://www.shomrim.news/hebrew/ug-solutions,October 7 War,October 7 War,,,Gatekeepers/Watchdog Institutions,Extreme Social Phenomena,,"1
8",Investigative,1,Media Amplification,,,Translation,"Ynet, Ynet ENG","Ynet, Ynet ENG",,
88,"קריסת הפריפריה: מחלקות מפוצצות עם מתמחה תורן על תקן ""חצי דחליל, חצי בייביסיטר""",Crashing in the Periphery: Overflowing Hospital Wards with One Resident Who’s Half-Babysitter,2025-07-04,4-Jul-2025,Haim Rivlin,https://www.shomrim.news/hebrew/periphery-collapse,"Health
Economy, Finance, Inequality, Poverty",Health,"Economy, Finance, Inequality, Poverty",,Water & Infrastructure,Democratic Values/Institutional Norms,,"6
4",Investigative,"1,2","Media Amplification, Stakeholder Reaction","שבועיים לאחר פרסום התחקיר הודיעו מנהלי מחלקות בבתי חולים בפריפריה כי הם מפסיקים את המתווה באופן חד צדדי;
חיים התראיין לרדיו צפון על הכתבה
","On January 15, 2026: The Ministry of Health announced the establishment of a working team to formulate an updated framework for medical residencies on-call shifts, with the aim of creating a model that can be implemented systemically and sustainably and that addresses the shortcomings identified in the implementation of the current framework. In its announcement regarding the establishment of the team, the Ministry of Health stated that as part of reviews and lessons-learned, it found that the framework has value in easing workload pressures, but at the same time, claims were raised by some stakeholders within the system regarding harm to the quality of training and care, to continuity of treatment, and to the functioning of the departments in which the framework is applied, creating significant disparities in these areas between peripheral hospitals and those in central Israel. Accordingly, the need arose for a thorough review and an update to the working method, while maintaining the goal of reducing the workload on residents. The team is scheduled to submit its recommendations by May 1, 2026.","Translation, Audio Recording",Ynet,Ynet,"רדיו צפון, DoctorsOnly","Radio Tzafon, DoctorsOnly"
89,חשיפה: ריכוזים חריגים של כימיקלים מסכני חיים נמצאו במי השתייה ברחבי הארץ,Exposed: Dangerous Levels of Toxic Chemicals Found in Drinking Water Nationwide,2025-07-06,6-Jul-2025,Haim Rivlin,https://www.shomrim.news/hebrew/pfas-in-the-water,Health,Health,,,Water & Infrastructure,,,6,Investigative,"1, 3","Media Amplification, Real-World Change","היו לכתבה יותר מ-300K צפיות בפלטפורמות הדיגטליות של כאן
שבועיים לאחר פרסום התחקיר, המשרד להגנת הסביבה פרסם להערות הציבור, טיוטת תקנות חדשות שיגבילו  שימוש, ייצור וייבוא של חומרים מסוכנים ממשפחת PFAS. 
התקנות מהוות צעד ראשון לקראת אשרור אמנת שטוקהולם.","The investigation received more than 300K views on KAN’s digital platforms.
Two weeks after it was published, the Ministry of Environmental Protection released for public comments a draft of new regulations that will restrict the use, production, and import of hazardous PFAS chemicals.
These regulations constitute an initial step toward ratifying the Stockholm Convention.",Audio Recording,כאן 11,KAN 11,,
90,אפקט המלחמה בעזה: הארגונים הפרו-פלסטיניים שמבקרים את ישראל מגייסים מיליונים,"The Gaza Effect: Anti-Israel, Pro-Palestinian Organizations Raise Millions of Dollars In Donations",2025-07-07,7-Jul-2025,Uri Blau,https://www.shomrim.news/hebrew/donations-leap,"October 7 War
Democracy & Society",October 7 War,Democracy & Society,,Democratic Values/Institutional Norms,Military & Reserve Forces,,"4
2",Short-Term Investigative,,,,,Translation,,,,
91,"חשיפה: אנשי העסקים ג'קי בן זקן, עופר נמרודי ומיכאל צ'רנוי העידו במשטרה במסגרת חקירה של ""בנק פרטי""",Exposed: Top Israeli Business Figures Questioned by Police in 'Private Bank' Probe,2025-07-10,10-Jul-2025,Roni Singer,https://www.shomrim.news/hebrew/gray-market-loans,"Economy, Finance, Inequality, Poverty","Economy, Finance, Inequality, Poverty",,,Gatekeepers/Watchdog Institutions,Democratic Values/Institutional Norms,,"1
4",Investigative,1,Media Amplification,,,,כלכליסט,Calcalist,,
92,תחקיר: כך נשאבים סכומי עתק משכר המורים לקופות רשתות החינוך החרדי,Investigation: How Teachers’ Salaries Are Drained Into Ultra-Orthodox School Networks,2025-07-11,11-Jul-2025,Lir Spiriton,https://www.shomrim.news/hebrew/haredi-education-networks,"Economy, Finance, Inequality, Poverty
Marginalized Communities","Economy, Finance, Inequality, Poverty",Marginalized Communities,,Gatekeepers/Watchdog Institutions,Democratic Values/Institutional Norms,Judicial System & Courts,"1
4
3",Investigative,1,Media Amplification,,,,המרקר,TheMarker,,
93,"המספרים נחשפים: 600 מקרי שבץ, 2,000 חולי לב ו-60 אלף עם יתר לחץ דם רק באזור המרכז",The Numbers Revealed: Hundreds of Strokes and Thousands of Heart Patients in Central Israel,2025-07-14,14-Jul-2025,Haim Rivlin,https://www.shomrim.news/hebrew/the-numbers-behind-pfas,Health,Health,,,Water & Infrastructure,Gatekeepers/Watchdog Institutions,,"6
1",Follow up,,,,,Audio Recording,,,,
94,"""החתונה הייתה טעות חיי"": בחברה הערבית מודאגים מהעלייה בשיעור הגירושים",‘Getting Married Was the Worst Decision of My Life’: Arab Society is Worried by the Rising Divorce Rate,2025-07-15,15-Jul-2025,Fadi Amun,https://www.shomrim.news/hebrew/divorce-increase-arab-society,Marginalized Communities,Marginalized Communities,,,Arab Society,Extreme Social Phenomena,,"7
8",Feature,,,,,,,,,
95,"אחרי שנים – צעד בדרך להגבלת השימוש ב""כימיקלי הנצח"" המסוכנים","After Years, a First Step Toward Restricting 'Forever Chemicals'",2025-07-16,16-Jul-2025,Haim Rivlin,https://www.shomrim.news/hebrew/pfas-follow,Health,Health,,,Water & Infrastructure,,,6,Follow up,,,,,,,,,
96,"ביו""ש איבדו שליטה על נוער הגבעות: ""אין להם שום אוטוריטה. לא רבנית ולא חינוכית""",How the Settlement Movement Lost Control Over the Hilltop Youth: ‘They Respect No Authority – Not Rabbinical and Not Educational’,2025-07-17,17-Jul-2025,Chen Shalita,https://www.shomrim.news/hebrew/hilltop-youth-out-of-control,"Democracy & Society
Democratic Institutions and the Rule of Law
Human Rights & Democratic Values",Democracy & Society,Democratic Institutions and the Rule of Law,Human Rights & Democratic Values,Gatekeepers/Watchdog Institutions,Democratic Values/Institutional Norms,Military & Reserve Forces,"1
4
2",Feature,,,,,,המקום הכי חם בגהנום,The Hottest Place in Hell,,
97,ישראל סוערת סביב משבר חוק הגיוס אבל דווקא הציבור החרדי הרחב אדיש לחלוטין,"While Ultra-Orthodox Draft Crisis Grips Israel, The Ultra-Orthodox Street Remains Indifferent",2025-07-20,20-Jul-2025,Lir Spiriton,https://www.shomrim.news/hebrew/the-general-ultra-orthodox-public-is-completely-indifferent,"Democracy & Society
Marginalized Communities
October 7 War",Democracy & Society,Marginalized Communities,October 7 War,Judicial System & Courts,Democratic Values/Institutional Norms,Military & Reserve Forces,"3
4
2",Feature,,,,,,,,,
98,"מנהלי בתי חולים עוצרים את מתווה המתמחים חד צדדית: ""פגיעה מסכנת חיים""","Hospital Directors Halt Residency Reform, Warning of 'Life-Threatening Harm'",2025-07-21,21-Jul-2025,Haim Rivlin,https://www.shomrim.news/hebrew/hospital-administrators-halt-intern-outline,"Health
Economy, Finance, Inequality, Poverty",Health,"Economy, Finance, Inequality, Poverty",,Gatekeepers/Watchdog Institutions,Democratic Values/Institutional Norms,,"1
4",Follow up,,,,,,,,,
99,"התרומות לקהלת נחתכו בחצי: קיצוצים דרמטיים בשכר, במחקר ובתמיכה בארגונים אחרים","Funding Crisis Forces Kohelet to Cut Salaries, Research, and Support for Other Groups",2025-07-21,21-Jul-2025,Shuki Sadeh,https://www.shomrim.news/hebrew/donations-to-kohelet-were-cut-in-half,Democracy & Society,Democracy & Society,,,Democratic Values/Institutional Norms,Judicial System & Courts,Gatekeepers/Watchdog Institutions,"4
3
1",Follow up,,,,,Translation,,,,
100,מלחמה? הפיכה משפטית? הנשיא הרצוג מקדם מוזיאון על שם אביו,War? Judicial Overhaul? Israel’s President Pushes a Museum Named After His Father,2025-07-25,25-Jul-2025,Uri Blau,https://www.shomrim.news/hebrew/president-herzog-promotes-museum-named-after-his-father,"Democracy & Society
Democratic Institutions and the Rule of Law",Democracy & Society,Democratic Institutions and the Rule of Law,,Gatekeepers/Watchdog Institutions,Democratic Values/Institutional Norms,,"1
4",Investigative,1,Media Amplification,,,,המרקר,TheMarker,,
101,הבטחות לעשרות אלפי דולרים בחודש ואוטובוס מגבול ירדן: כך מבריחים נשים למטרות זנות,How Women are Smuggled to Israel for Prostitution,2025-07-27,27-Jul-2025,Milan Cerny,https://www.shomrim.news/hebrew/this-is-how-women-are-smuggled-for-prostitution,"Democracy & Society
Marginalized Communities",Democracy & Society,Marginalized Communities,,Extreme Social Phenomena,Gatekeepers/Watchdog Institutions,Democratic Values/Institutional Norms,"8
1
4",Short-Term Investigative,1,Media Amplification,,,"Audio Recording, Translation",N12,N12,,
102,ישראל התחילה ללחוץ על הארגונים הבינלאומיים להכניס סיוע לרצועה עוד לפני שהתקבלה החלטת הקבינט בנושא,Israel Began Pressuring International Organizations to Deliver Aid Before Cabinet Approval,2025-07-28,28-Jul-2025,Uri Blau,https://www.shomrim.news/hebrew/humanitarian-aid,October 7 War,October 7 War,,,Gatekeepers/Watchdog Institutions,Military & Reserve Forces,Democratic Values/Institutional Norms,"1
2
4",Short-Term Investigative,,,,,,,,,
103,"משרד החינוך יממן ועידה של ערוץ 14: 250 אלף שקל לחיזוק ""הזהות היהודית""","Education Ministry to Fund Channel 14 Conference: $70,000 for Promoting 'Jewish Identity'",2025-07-30,30-Jul-2025,Uri Blau,https://www.shomrim.news/hebrew/the-ministry-of-education-will-finance-the-channel-14-conference,"Education
Democracy & Society",Education,Democracy & Society,,Gatekeepers/Watchdog Institutions,Democratic Values/Institutional Norms,Judicial System & Courts,"1
4
3",Short-Term Investigative,"2, 1","Media Amplification, Stakeholder Reaction","ב-21.8 הוגשה בקשה דחופה לצו ביניים בבגץ, בידי מכון זולת, בדרישה לעצור התקשרות של משרד החינוך עם ערוץ 14, בהיקף של כרבע מיליון שקלים, זאת, לצורך מימון מה שמכונה ""ועידת הזהות היהודית""","Aug 21, the Zulat Institute submitted an urgent request for an interim injunction to the High Court of Justice, demanding that the Ministry of Education halt its contract with Channel 14 — a deal worth roughly a quarter of a million shekels — intended to fund what is referred to as the ‘Jewish Identity Conference'",,וואלה,Walla,מתחת לראדר,Under the Radar
104,הלוביסט החדש של קטאר בוושינגטון: שר החינוך ובכיר בממשלי רייגן ובוש האב,Qatar’s New Lobbyist in Washington: A Former Education Secretary,2025-07-30,30-Jul-2025,"Haim Rivlin
Uri Blau",https://www.shomrim.news/hebrew/qatars-new-lobbyist-in-washington,Democracy & Society,Democracy & Society,,,Democratic Values/Institutional Norms,Gatekeepers/Watchdog Institutions,,"4
1",Short-Term Investigative,,,,,,,,,
105,"רופאים בעזה אחרי השינוי במדיניות הסיוע: ""התושבים עדיין נאבקים למצוא מזון. המצב קטסטרופה""","Despite Change in Israeli Aid Policy, Doctors in Gaza Say Humanitarian Situation Still ‘Catastrophic’",2025-07-31,31-Jul-2025,Daniel Dolev,https://www.shomrim.news/hebrew/residents-are-still-struggling-to-find-food,"October 7 War
Human Rights & Democratic Values",October 7 War,Human Rights & Democratic Values,,Democratic Values/Institutional Norms,Military & Reserve Forces,Water & Infrastructure,"4
2
6",Feature w. Investigative Elements,,,,,"Audio Recording, Translation",,,,
106,"חשיפה: רק לפני חודש שכר משרד הכלכלה פירמה אמריקאית לטפל בהסכם המכס עם ארה""ב",Exposed: Economy Ministry Hired a U.S. Firm to Handle Tariff Talks With Washington,2025-08-04,4-Aug-2025,Uri Blau,https://www.shomrim.news/hebrew/trump-tariffs,"Economy, Finance, Inequality, Poverty","Economy, Finance, Inequality, Poverty",,,Gatekeepers/Watchdog Institutions,Democratic Values/Institutional Norms,,"1
4",Short-Term Investigative,1,Media Amplification,,,,כלכליסט,Calcalist,,
107,"""השאיפה היא להיוולד מחדש למרות שהלכו 9 שנים"": ביקור במרפאת גמילה מאופיואידים",Inside an Opioid Rehabilitation Clinic,2025-08-05,5-Aug-2025,Daniel Dolev,https://www.shomrim.news/hebrew/visiting-an-opioid-rehab-clinic,Health,Health,,,Gatekeepers/Watchdog Institutions,Water & Infrastructure,,"1
6",Follow up,,,,,,,,,
108,"הטבות על הנייר: ההבטחות לקרקעות למילואימניקים הן ""ישראבלוף""",Benefits on Paper Only: Promises to Reservists Ring Hollow,2025-08-08,8-Aug-2025,Shuki Sadeh,https://www.shomrim.news/hebrew/paper-benefits,"October 7 War
Democracy & Society",October 7 War,Democracy & Society,,Gatekeepers/Watchdog Institutions,Military & Reserve Forces,Democratic Values/Institutional Norms,"1
2
4",Short-Term Investigative,1,Media Amplification,,,,מאקו,Mako,,
109,אמברגו הוועדים: איגודי עובדים בנמלי אירופה מנעו משלוחים של ציוד צבאי לישראל,Dockworkers across Europe Work Together to Halt Israeli Arms Shipments,2025-08-08,8-Aug-2025,Milan Cerny,https://www.shomrim.news/hebrew/union-embargo-europe,October 7 War,October 7 War,,,Military & Reserve Forces,Democratic Values / Institutional Norms,,"2
4",Investigative,1,Media Amplification,"הייתה הכתבה הנקראת ביותר במגזין הסופ""ש של N12
ערוץ הכנסת ברוסית עשו פולו, וראיינו את מילאן",It was the most-read article in N12’s weekend magazine. The Knesset Channel’s Russian-language division followed up on it and interviewed Milan.,Translation,"N12, ערוץ הכנסת","N12, Channel Knesset",,
110,חשיפה: המהלך להכתרת מושל חדש לעזה ביום שאחרי המלחמה,Exposé: The Palestinian Tycoon Being Touted as Gaza’s Post-War Governor,2025-08-12,12-Aug-2025,Uri Blau,https://www.shomrim.news/hebrew/gaza-new-governor,October 7 War,October 7 War,,,Democratic Values / Institutional Norms,Gatekeepers/Watchdog Institutions,,"4
1",Investigative,1,Media Amplification,,,Translation,"Ynet, ידיעות אחרונות","Ynet, Yedioth Ahronoth","Ynet ENG, Turkish Daily, Corriere della Sera (IT), La Repubblica (IT), The New Arab (UK), i24News, ערוץ 7, Al-Monitor, Annahar (Lebanon), Sky News Arabic, כאן (ערבית), Erem News, arabi21, BBC Arabic, Kurdistan24","Ynet ENG, Turkish Daily, Corriere della Sera (IT), La Repubblica (IT), The New Arab (UK), i24News, Channel 7 (Arutz Sheva), Al-Monitor, Annahar (Lebanon), Sky News Arabic, KAN Arabic, Erem News, arabi21, BBC Arabic, Kurdistan24"
111,חשיפה: ארגונים בעולם מתארגנים לקראת הליכים משפטיים נגד קרן הסיוע לעזה,Exposed: International Groups Prepare Legal Action Against the Gaza Aid Fund,2025-08-14,14-Aug-2025,Milan Cerny,https://www.shomrim.news/hebrew/ghf-under-threat,October 7 War,October 7 War,,,Democratic Values/Institutional Norms,Gatekeepers/Watchdog Institutions,,"4
1",Short-Term Investigative,,,,,Translation,,,,
112,התפרצות החצבת: בקהילות החרדיות לא התחסנו כי לא היה איפה,Measles Outbreak: Ultra-Orthodox Communities Went Unvaccinated Due to Lack of Access,2025-08-18,18-Aug-2025,Lir Spiriton,https://www.shomrim.news/hebrew/measles-outbreak,"Health
Marginalized Communities",Health,Marginalized Communities,,Gatekeepers/Watchdog Institutions,Water & Infrastructure,,"1
6",Short-Term Investigative,,,,,,,,,
113,"חשיפה: האו""ם פרסם מכרז דחוף לאספקת עשרות אלפי קרוואנים לעזה",Exclusive: UN Publishes Tender for Tens of Thousands of Prefabricated Temporary Units for Gaza,2025-08-20,20-Aug-2025,"Uri Blau, Milan Cerny",https://www.shomrim.news/hebrew/undp-gaza-tender-,October 7 War,October 7 War,,,Gatekeepers/Watchdog Institutions,Water & Infrastructure,,"1
6",Short-Term Investigative,,,,,Translation,,,,
114,"""יש שמועה שיש מל""ל"": כך הפך המטה לביטחון לאומי לנוכח-נפקד שאף אחד לא סופר",The Disappearance of Israel’s National Security Council,2025-08-21,21-Aug-2025,Shuki Sadeh,https://www.shomrim.news/hebrew/national-security-council-weakness,Democratic Institutions and the Rule of Law,Democratic Institutions and the Rule of Law,,,Gatekeepers/Watchdog Institutions,Democratic Values/Institutional Norms,,"1
4",Feature,1,Media Amplification,,,"Translation, Audio Recording",N12,N12,,
115,תעלומה של מאות מיליונים: מי הקפיא את חשבונות הבנק של לאה דנקנר?,A Mystery Involving Hundreds of Millions: Who Froze Leah Dankner’s Bank Accounts?,2025-08-24,24-Aug-2025,Uri Blau,https://www.shomrim.news/hebrew/mystery-worth-millions,Democracy & Society,Democracy & Society,,,Gatekeepers/Watchdog Institutions,Democratic Values/Institutional Norms,,"1
4",Follow up,"1, 2","Media Amplification, Stakeholder Reaction",,,,כלכליסט,Calcalist,,
116,"אקסטות במסיבות של בני 14, שורות בטיול השנתי","Ecstasy at Parties for 14-Year-Olds, Cocaine Lines on School Trips",2025-08-24,24-Aug-2025,Daniel Dolev,https://www.shomrim.news/hebrew/drugs-high-schools,"Health
Education",Health,Education,,Gatekeepers/Watchdog Institutions,Extreme Social Phenomena,Democratic Values/Institutional Norms,"1
8
4",Investigative,1,Media Amplification,התפרסם במוסף 7 ימים של ידיעות אחרונות,"It was published in 7 Days, the weekend magazine of ""Yedioth Ahronoth""",Audio Recording,"ידיעות אחרונות, Ynet","Yedioth Ahronoth, Ynet",מתחת לראדר,Under the Radar
117,עולם שלישי זה כאן: כך נראים קווי חשמל בישראל 2025,What Israel’s Power Lines Look Like in 2025,2025-08-26,26-Aug-2025,Fadi Amun,https://www.shomrim.news/heb-gallery/third-world-country,"Marginalized Communities
Economy, Finance, Inequality, Poverty",Marginalized Communities,"Economy, Finance, Inequality, Poverty",,Water & Infrastructure,Gatekeepers/Watchdog Institutions,Democratic Values/Institutional Norms,"6
1
4",Feature,,,,,,,,,
118,"שיימינג, נאצות ושחיקה: יותר מורים עוזבים, פחות מצטרפים, האיכות צונחת - וזה לא רק בגלל השכר","Shaming, Abuse, and Burnout: More Teachers Quit, Fewer Join, and Quality Plummets",2025-08-28,28-Aug-2025,Shuki Sadeh,https://www.shomrim.news/hebrew/teachers-leaving,Education,Education,,,Gatekeepers/Watchdog Institutions,Democratic Values/Institutional Norms,,"1
4",Short-Term Investigative,1,Media Amplification,,,,מאקו,Mako,,
119,מה עובדת סוציאלית אמורה לעשות עם 100 תיקים?,"Crisis in Israel’s Social Services: Overloaded, Understaffed, and Burning Out",2025-09-02,2-Sep-2025,Shuki Sadeh,https://www.shomrim.news/hebrew/social-workers-crisis,"Democracy & Society
October 7 War
Welfare",Democracy & Society,October 7 War,Welfare,Gatekeepers/Watchdog Institutions,Extreme Social Phenomena,,"1
8",Explanatory,,,,,Translation,,,,
120,"לא ""בעל מכה"" - רק ""מתחים בבית"": פסקי הדין המרתיחים של הדיינים החדשים",Not 'An Abusive Husband' but 'Domestic Tensions': The Outrageous Rulings of New Rabbinical Judges,2025-09-04,4-Sep-2025,Haim Rivlin,https://www.shomrim.news/hebrew/the-rabbinical-courts,Human Rights & Democratic Values,Human Rights & Democratic Values,,,Judicial System & Courts,Gatekeepers/Watchdog Institutions,Democratic Values/Institutional Norms,"3
1
4",Investigative,1,Media Amplification,,,Audio Recording,N12,N12,,
121,אודי כגן צודק: ישראל עומדת בפני גל פוסט טראומה חסר תקדים בהיקפו,Israel Is Facing an Unprecedented Wave of PTSD,2025-09-05,5-Sep-2025,Haim Rivlin,https://www.shomrim.news/hebrew/ptsd-wave,"October 7 War, Health","October 7 War, Health",,,Extreme Social Phenomena,Military & Reserve Forces,Democratic Values/Institutional Norms,"8
2
4",Short-Term Investigative,1,Media Amplification,,,Audio Recording,מאקו,Mako,,
122,"מפעיל הסוכנים, הנינג'ות ומנהלת המתנ""ס: אלו הישראלים שחשודים בחטיפת ילדים בגרמניה","Agent Handlers, 'Ninjas,' and a Community Center Director: The Israelis Suspected of Child Abduction in Germany",2025-09-07,7-Sep-2025,"Daniel Dolev, Uri Blau",https://www.shomrim.news/hebrew/kidnapping-germany,Democracy & Society,Democracy & Society,,,Democratic Values/Institutional Norms,,,4,Investigative,1,Media Amplification,,,,Der Spiegel (Germany),Der Spiegel (Germany),,
123,ישראל מנסה למכור לעולם שבעזה אוכלים עכשיו פיצות ופוקצ'ות - וזה לא עובד,Israel Is Trying to Convince the World There Is No Famine in Gaza - It’s Not Working,2025-09-09,9-Sep-2025,Milan Cerny,https://www.shomrim.news/hebrew/influence-campaign-gaza,October 7 War,October 7 War,,,Gatekeepers/Watchdog Institutions,Democratic Values/Institutional Norms,,"1
4",Short-Term Investigative,,,,,,,,,
124,"ההסברה במשבר? דירת השגריר באו""ם דני דנון התחדשה בריהוט ב-70 אלף דולרים","Public Diplomacy in Crisis? Israel’s UN Ambassador Renovated His Apartment for $70,000",2025-09-10,10-Sep-2025,Uri Blau,https://www.shomrim.news/hebrew/danon-apartment,Democracy & Society,Democracy & Society,,,Gatekeepers/Watchdog Institutions,Democratic Values/Institutional Norms,,"1
4",Short-Term Investigative,,,,,,,,,
125,"מסלול ירוק לנפגעי פוסט טראומה? החולים עדיין מחכים, המחלה שלהם לא",A Fast Track for PTSD Victims? Patients Are Still Waiting,2025-09-11,11-Sep-2025,Haim Rivlin,https://www.shomrim.news/hebrew/ptsd-with-no-green-light,"Health
October 7 War",Health,October 7 War,,Gatekeepers/Watchdog Institutions,Military & Reserve Forces,,"1
2",Follow up,,,,,,,,,
126,"""המהפכה"" של מזרח ירושלים - שרק יהודים הרוויחו ממנה","Seven Years After a Government Land-Registration Drive in East Jerusalem, Palestinians Were Left Behind",2025-09-15,15-Sep-2025,Daniel Dolev,https://www.shomrim.news/hebrew/east-jerusalem-lands,"Marginalized Communities
Human Rights & Democratic Values",Marginalized Communities,Human Rights & Democratic Values,,Democratic Values/Institutional Norms,Land/Planning,,"4
5",Investigative,,,,,,,,,
127,חשיפה: המולטי-מיליונרית הגרמניה שנאשמת בחטיפה נפגשה עם שופט ישראלי,Exposed: The German Multimillionaire Accused of Kidnapping Met With an Israeli Judge,2025-09-16,16-Sep-2025,"Daniel Dolev, Uri Blau",https://www.shomrim.news/hebrew/kidnapping-germany-follow,Democracy & Society,Democracy & Society,,,Gatekeepers/Watchdog Institutions,Military & Reserve Forces,,"1
2",Follow up,,,,,,,,,
128,"""התחושה היא שהשרים פועלים נגדנו"": עדויות מתוך משרדי הממשלה הקורסים",We Feel Like the Ministers Are Working Against Us',2025-09-18,18-Sep-2025,Haim Rivlin,https://www.shomrim.news/hebrew/public-service-collapse,Democratic Institutions and the Rule of Law,Democratic Institutions and the Rule of Law,,,Gatekeepers/Watchdog Institutions,Water & Infrastructure,,"1
6",Feature,,,,,"Translation, Audio Recording",,,,
129,המילה שראשי גוש השינוי הכי חוששים ממנה לקראת הבחירות הבאות,When Secularism Became Taboo,2025-09-21,21-Sep-2025,Chen Shalita,https://www.shomrim.news/hebrew/the-unspoken-word,Democracy & Society,Democracy & Society,,,Democratic Values/Institutional Norms,,,4,Feature,,,,,"Translation, Audio Recording",,,TimeOut,TimeOut
130,"הפתרון של צה""ל למחסור במילואימניקים: שירות שבוע-שבוע בעלויות של מיליארדים - ""אין מה לעשות, זה שוק של חיילים""","The IDF’s Answer to the Reservist Shortage: Week-On, Week-Off Service at a Cost of Billions",2025-09-25,25-Sep-2025,Shuki Sadeh,https://www.shomrim.news/hebrew/idf-employment-market-follow,October 7 War,October 7 War,,,Military & Reserve Forces,Gatekeepers/Watchdog Institutions,,"2
1",Short-Term Investigative,,,,,,,,,
131,"סמים במסיבות, מאבקים מול המדינה ואימה יומיומית: שורדי הנובה לא מצליחים לחזור לחיים","Drugs at Parties, Battles With the State, and Daily Fear: Nova Festival Survivors Struggle to Rebuild Their Lives",2025-09-25,25-Sep-2025,Yael Shani,https://www.shomrim.news/hebrew/nova-survivors-struggling,"October 7 War
Health",October 7 War,Health,,Extreme Social Phenomena,Gatekeepers/Watchdog Institutions,Water & Infrastructure,"8
1
6",Feature,1,Media Amplification,,,Audio Recording,N12,N12,,
132,נערכים למשט: בישראל רוצים להחרים את הספינות בלי לשלם הון,Another Incoming Flotilla: Israel Seeks to Confiscate Vessels Without Paying a Fortune,2025-09-26,26-Sep-2025,Uri Blau,https://www.shomrim.news/hebrew/mashat-gaza,October 7 War,October 7 War,,,Gatekeepers/Watchdog Institutions,Democratic Values/Institutional Norms,,"1
4",Short-Term Investigative,,,,,Translation,,,,
133,"השמנה, מחלות לב ונזקים מוחיים: לישראלים חסר יוד בתזונה ובמשרד הבריאות גוררים רגליים","Obesity, Heart Disease, and Brain Damage: Iodine Deficiency in Israeli Diets",2025-09-28,28-Sep-2025,Haim Rivlin,https://www.shomrim.news/hebrew/iodine-deficiency,Health,Health,,,Gatekeepers/Watchdog Institutions,Water & Infrastructure,,"1
6",Investigative,,,,,,,,,
134,"אוים, נעצר, נכלא ושוחרר בתנאי שלא יעסוק בעזה: כך יעשה לאיש שאבו מאזן סימן","Palestinian Businessman Floated as Postwar Gaza Governor Detained by the Palestinian Authority, Then Released on Condition He Stay Away from Gaza",2025-09-29,29-Sep-2025,Uri Blau,https://www.shomrim.news/hebrew/samir-hulileh-follow,October 7 War,October 7 War,,,Democratic Values/Institutional Norms,,,4,Short-Term Investigative,,,,,,,,,
135,שתי אחיות ל-30 מאושפזים - ומי שיכול משלם 700 שקל ללילה,Two Nurses for 30 Patients - and Those Who Can Pay $190 a Night,2025-10-05,5-Oct-2025,Shuki Sadeh,https://www.shomrim.news/hebrew/nurses-crisis,Health,Health,,,Gatekeepers/Watchdog Institutions,Water & Infrastructure,,"1
6",Investigative,,,,,Audio Recording,,,,
136,"""חיסון החצבת הוא פשע נגד האנושות"": כך נראית התעמולה האנטי־חיסונית בציבור החרדי",The Measles Vaccine Is a Crime Against Humanity': Anti-Vaccine Propaganda in Ultra-Orthodox Communities,2025-10-05,5-Oct-2025,Lir Spiriton,https://www.shomrim.news/hebrew/measles-anti-vaccination,"Health
Marginalized Communities",Health,Marginalized Communities,,Gatekeepers/Watchdog Institutions,Water & Infrastructure,,"1
6",Short-Term Investigative,1,Media Amplification,,,,כלכליסט,Calcalist,,
137,שלושה ימים אזוקה למיטה: כך מזניחים אסירות במצוקה נפשית,Chained to a Bed for Three Days: The Neglect of Mentally Ill Prisoners,2025-10-05,5-Oct-2025,Roni Singer,https://www.shomrim.news/hebrew/neve-tirza-mental,"Marginalized Communities
Human Rights & Democratic Values",Marginalized Communities,Human Rights & Democratic Values,,Gatekeepers/Watchdog Institutions,Democratic Values/Institutional Norms,,"1
4",Investigative,,,,,Translation,,,,
138,"תרצו גם תמונה? צ'אט GPT, גרוק ובוטים אחרים חושפים דליפות מידע סודיות לכל מי שרק מבקש",Want a Picture Too? AI Bots Are Leaking Classified Information on Demand,2025-10-16,16-Oct-2025,Milan Cerny,https://www.shomrim.news/hebrew/chatbots-and-data-leaks,October 7 War,October 7 War,,,Gatekeepers/Watchdog Institutions,Democratic Values/Institutional Norms,,"1
4",Short-Term Investigative,,,,,,,,,
139,"אובדנות, תופעות לוואי חמורות והסתרת מידע: מה אנחנו יודעים על התרופות שאנחנו לוקחים?","Suicide, Severe Side Effects, and Hidden Data: What Do We Really Know About the Drugs We Take?",2025-10-16,16-Oct-2025,Yael Shani,https://www.shomrim.news/hebrew/fine-print-secrets,Health,Health,,,Gatekeepers/Watchdog Institutions,Democratic Values/Institutional Norms,Water & Infrastructure,"1
4
6",Investigative,,,,,,,,,
140,הארגון הטורקי שפועל בעזה קשור לחמאס ופעילותו נאסרה בישראל כבר ב-2008,"IHH, a Turkish Organization Now Operatingin Gaza, Was Banned in Israel as Early as 2008 for Its Ties to Hamas",2025-10-20,20-Oct-2025,"Uri Blau, Milan Cerny",https://www.shomrim.news/hebrew/gaza-turkey-ihh,October 7 War,October 7 War,,,Gatekeepers/Watchdog Institutions,Democratic Values/Institutional Norms,,"1
4",Short-Term Investigative,1,Media Amplification,,,,רדיו רקע (כאן),Reka Radio (KAN),,
141,"בין משתתפי כנס כלכלי חשאי באוסטריה: שר האוצר הטורקי, בני משפחת המלוכה מבחריין ואבנר נתניהו","At a Secret Economic Conference in Austria: Turkey’s Finance Minister, Bahraini Royals, and Avner Netanyahu",2025-10-21,21-Oct-2025,Uri Blau,https://www.shomrim.news/hebrew/avner-in-austria,Democracy & Society,Democracy & Society,,,Gatekeepers/Watchdog Institutions,Democratic Values/Institutional Norms,,"1
4",Short-Term Investigative,1,Media Amplification,,,,,,Profil (AS),Profil (AS)
142,כך הוקרסה תוכנית הדגל לעצירת האלימות בחברה הערבית מאז מונה בן גביר לשר לביטחון לאומי,How Ben-Gvir Derailed Israel’s Flagship Program Combating Violence in the Arab-Sector,2025-10-23,23-Oct-2025,Shuki Sadeh,https://www.shomrim.news/hebrew/stop-the-violence-plan-collapse,"Marginalized Communities
Democratic Institutions and the Rule of Law",Marginalized Communities,Democratic Institutions and the Rule of Law,,Arab Society,Gatekeepers/Watchdog Institutions,,"7
1",Investigative,,,,,Translation,,,,
143,"רופאים בלי רישיון, בניגוד לחוק: כך הפכו שירותי הבריאות במזרח ירושלים למכונת רווח על חשבון המטופלים",Unlicensed Physicians: How Profit Became the Bottom Line for Healthcare in East Jerusalem – At Patients’ Expense,2025-10-26,26-Oct-2025,Daniel Dolev,https://www.shomrim.news/hebrew/east-jerusalem-health-crisis,"Health
Marginalized Communities",Health,Marginalized Communities,,Gatekeepers/Watchdog Institutions,Water & Infrastructure,,"1
6",Investigative,1,Media Amplification,,,Translation,מאקו,Mako,,
144,ביצים מזוהמות בחומר רעיל נמכרו ברשתות השיווק – והציבור הוזהר באיחור של 10 ימים,Contaminated Eggs Sold Nationwide - Public Warned Days Too Late,2025-10-27,27-Oct-2025,Haim Rivlin,https://www.shomrim.news/hebrew/eggs-late-warning,Health,Health,,,Gatekeepers/Watchdog Institutions,Water & Infrastructure,,"1
6",Short-Term Investigative,1,Media Amplification,,,,גלצ,Galatz (Army Radio),,
145,"להשכיח את השבעה באוקטובר, להאשים את קפלן: כך הימין מתכנן לנצח את הבחירות",Bury October 7 and Blame the Kaplan Protestors: How the Israeli Right Plans to Win the Next Election,2025-10-30,30-Oct-2025,Chen Shalita,https://www.shomrim.news/hebrew/this-is-how-the-right-plans-to-win,Democracy & Society,Democracy & Society,,,Democratic Values/Institutional Norms,Extreme Social Phenomena,,"4
8",Feature,,,,,"Translation, Audio Recording",,,,
146,"משטרת דובאי, ספינות ביוון ובכירים בישראל: דליפה חסרת תקדים חושפת את פעילות מערך הסייבר של איראן","Dubai Police, Ships in Greece, and Israeli Officials: A Leak Exposes Iran’s Cyber Operations",2025-11-04,4-Nov-2025,Milan Cerny,https://www.shomrim.news/hebrew/iran-got-hacked,Democracy & Society,Democracy & Society,,,Democratic Values/Institutional Norms,Democratic Values/Institutional Norms,,"4
4",Investigative,1,Media Amplification,,,,כלכליסט,Calcalist,,
147,"""תהיה קטסטרופה"": המשרד לביטחון לאומי לא העביר תקציב – והסיוע למכורים עלול להיפסק",Ministry of National Security Withheld Funding – and a Drug Harm Reduction Program Could Be Closed,2025-11-05,5-Nov-2025,Daniel Dolev,https://www.shomrim.news/hebrew/there-will-be-a-catastrophe,"Democratic Institutions and the Rule of Law
Marginalized Communities",Democratic Institutions and the Rule of Law,Marginalized Communities,,Gatekeepers/Watchdog Institutions,Extreme Social Phenomena,,"1
8",Short-Term Investigative,3,Real-World Change,18.11 התקיים דיון בועדת העבודה ורווחה על הכשל בהעברת התקציב לתוכנית,"Nov 18, The Labor and Welfare Committee held a discussion regarding the failure to transfer the budget for the program. 
Following publication of this article, a group of parliamentarians, led by MK Meirav Ben Ari (Yesh Atid), initiated a discussion on the matter at the Knesset Labor and Welfare Committee. All those present at the meeting, including committee chair MK Michal Woldiger (Religious Zionism), expressed their support for Yizhar’s work. The representative of the National Security Ministry, meanwhile, reiterated that the problem stemmed from the massive cut to the budget of the National Authority for Community Safety – from around 120 million shekels to just 33 million shekels. Nonetheless, after the discussion, the budget was found and the Knesset’s Finance Committee approved its transfer.",Translation,,,,
148,"המהפכה המשפטית האמיתית: כך שינה יריב לוין את הדנ""א של מערכת המשפט לשנים קדימה",The Real Judicial Overhaul: How Yariv Levin Reshaped Israel’s Legal System,2025-11-06,6-Nov-2025,Chen Shalita,https://www.shomrim.news/hebrew/levins-new-judges,Democratic Institutions and the Rule of Law,Democratic Institutions and the Rule of Law,,,Gatekeepers/Watchdog Institutions,Democratic Values/Institutional Norms,,"1
4",Short-Term Investigative,1,Media Amplification,,,Audio Recording,המרקר,TheMarker,,
149,"בלי אימונים – אבל עם אישורי כניסה לעסקנים: ""התפוררות מוחלטת"" במשמר הכנסת",Shomrim Investigation Exposes Lapses in Knesset Guard Security,2025-11-10,10-Nov-2025,Roni Singer,https://www.shomrim.news/hebrew/knesset-guard-dysfunction,Democratic Institutions and the Rule of Law,Democratic Institutions and the Rule of Law,,,Gatekeepers/Watchdog Institutions,Democratic Values/Institutional Norms,,"1
4",Short-Term Investigative,,,,,,כלכליסט,Calcalist,,
150,חשיפה: ארצות הברית מתכננת הקמת בסיס צבאי גדול על גבול הרצועה,Exclusive: The United States Plans to Establish a Large Military Base on the Gaza Border,2025-11-11,11-Nov-2025,"Milan Cerny, Uri Blau",https://www.shomrim.news/hebrew/american-base-gaza-border,October 7 War,October 7 War,,,Gatekeepers/Watchdog Institutions,Democratic Values/Institutional Norms,,"1
4",Short-Term Investigative,1,Media Amplification,,,,"Ynet, ידיעות אחרונות, בחדרי חרדים, מעריב, Ynet ENG, כלכליסט, Bloomberg, The Times of Israel","Ynet, Yedioth Ahronoth, B’Hadrei Haredim, Maariv, Ynet ENG, Calcalist, Bloomberg, The Times of Israel",The Japan Times,The Japan Times
151,תקציבי הישיבות החרדיות חושפים: מי בלחץ מחוק הגיוס ואילו ישיבות ממש לא,After the Budget Axe: What Funding Cuts Mean for Israel’s Yeshivas,2025-11-13,13-Nov-2025,Lir Spiriton,https://www.shomrim.news/hebrew/budgets-of-haredi-yeshivahs,"Democracy & Society
Marginalized Communities",Democracy & Society,Marginalized Communities,,Gatekeepers/Watchdog Institutions,Democratic Values/Institutional Norms,Extreme Social Phenomena,"1
4
8",Short-Term Investigative,1,Media Amplification,,,Translation,מאקו,Mako,,
152,נוחי ודני דנקנר מתכוונים לפנות לבית המשפט: חשש לניצול פיננסי של דודתינו בת ה-100 ששוהה במעון טיפולי,Nochi and Danny Dankner Head to Court Over Fears of Financial Exploitation of Their 100-Year-Old Aunt,2025-11-16,16-Nov-2025,Uri Blau,https://www.shomrim.news/hebrew/dankner-ichilov-donation,Democracy & Society,Democracy & Society,,,Gatekeepers/Watchdog Institutions,Democratic Values/Institutional Norms,Judicial System & Courts,"1
4
3","Short-Term Investigative,
Follow-Up",1,Media Amplification,,,,כלכליסט,Calcalist,,
153,"תחקיר בינלאומי: כך פועלת ""מכבסת הכספים"" - מבורסות הקריפטו לחשבונות חמאס, איראן וקרטלי הסמים","Unmasking the ‘Coin Laundry’: The Global Crypto-Laundering Network Linking Hamas, Iran and Drug Cartels",2025-11-17,17-Nov-2025,Uri Blau,https://www.shomrim.news/hebrew/the-coin-laundry,"October 7 War
Economy, Finance, Inequality, Poverty",October 7 War,"Economy, Finance, Inequality, Poverty",,Gatekeepers/Watchdog Institutions,Democratic Values/Institutional Norms,Extreme Social Phenomena,"1
4
8",Investigative,1,Media Amplification,,,Translation,ICIJ,ICIJ,,
154,הצרות החדשות של יישובי העוטף - להקות כלבים משוטטים מאיימות על התושבים,New Troubles for Border Communities: Packs of Stray Dogs,2025-11-19,19-Nov-2025,Haim Rivlin,https://www.shomrim.news/hebrew/stray-dogs-western-negev,October 7 War,October 7 War,,,Gatekeepers/Watchdog Institutions,Extreme Social Phenomena,,"1
8",Short-Term Investigative,"1,3","Media Amplification, Stakeholder Reaction","בינואר 2026, פרסם משרד החקלאות וביטחון המזון מסלול סיוע ייעודי לרשויות מקומיות לשנים, בעלות של 15 מיליון שקלים, שנועד לאפשר שדרוג ביכולות הטיפול והקליטה של הכלביות העירוניות חלק הניסיון להתמודד עם תופעת הכלבים המשוטטים ומחלת הכלבת, שהתגברו מאוד מאז תחילת המלחמה.","In January 2026, the Ministry of Agriculture and Food Security published a dedicated assistance program for local authorities, with a budget of 15 million shekels. The program is intended to enable upgrades to the treatment and intake capacities of municipal dog shelters, as part of an effort to address the phenomenon of stray dogs and rabies, which have intensified significantly since the beginning of the war.",,Ynet,Ynet,,
155,"לא רק ""מלחמת התקומה"": כך משתלט נתניהו על הנצחת שבעה באוקטובר ועיצוב הזיכרון הלאומי",How Netanyahu’s Government Is Rewriting the Memory of October 7,2025-11-20,20-Nov-2025,Shuki Sadeh,https://www.shomrim.news/hebrew/october-seven-memory-battle,October 7 War,October 7 War,,,Gatekeepers/Watchdog Institutions,Democratic Values/Institutional Norms,,"1
4",Short-Term Investigative,1,Media Amplification,,,"Translation, Audio Recording",N12,N12,,
156,חשיפה: המעבדה המרכזית של משרד הבריאות הפסיקה לבצע בדיקות לזיהום במי השתיה,Exposed: Israel’s Central Health Lab Stopped Testing Drinking Water for Contamination,2025-11-23,23-Nov-2025,Haim Rivlin,https://www.shomrim.news/hebrew/central-lab-disabled,"Health, Environment & Transportation","Health, Environment & Transportation",,,Gatekeepers/Watchdog Institutions,Water & Infrastructure,,"1
6",Short-Term Investigative,,,,,,,,,
157,"הסמכויות יישארו גם אחרי המלחמה: צה""ל ושב""כ ימשיכו לחדור למצלמות פרטיות",Defense Ministry Pushes Legal Amendment to Enshrine Wartime Powers Allowing Access to Private Cameras - Even in Peacetime,2025-11-23,23-Nov-2025,Uri Blau,https://www.shomrim.news/hebrew/security-cameras-monitored,"October 7 War
Democratic Institutions and the Rule of Law
Human Rights & Democratic Values",October 7 War,Democratic Institutions and the Rule of Law,Human Rights & Democratic Values,Gatekeepers/Watchdog Institutions,Democratic Values/Institutional Norms,,"1
4",Short-Term Investigative,,,,,,,,,
158,המאבק על הסיוע ההומניטרי: ישראל חסמה תשעה ארגונים מעזה – ללא נימוק מפורט,The Battle Over Humanitarian Aid: Israel Bars Nine Organizations From Gaza Without Detailed Explanation,2025-11-26,26-Nov-2025,Uri Blau,https://www.shomrim.news/hebrew/chikli-and-aid-to-gaza,October 7 War,October 7 War,,,Gatekeepers/Watchdog Institutions,Democratic Values/Institutional Norms,,"1
4",Short-Term Investigative,,,,,,,,,
159,מאות מיליוני שקלים בחודש: כך חמאס מחזיר לעצמו שליטה כלכלית ברצועה,A Multimillion-dollar Tax Bonanza: How Hamas Took Back Economic Control of the Gaza Strip,2025-11-28,28-Nov-2025,"Milan Cerny, Uri Blau",https://www.shomrim.news/hebrew/hamas-in-control-of-gaza,October 7 War,October 7 War,,,Gatekeepers/Watchdog Institutions,Military & Reserve Forces,,"1
2",Short-Term Investigative,1,Media Amplification,,,"Translation, Audio Recording",,,,
160,"התוכנית של מאי גולן ובן גביר לחיסול תוכנית החומש לחברה הערבית: 677 מיליון יקוצצו מהחינוך, 200 מיליון מהתחבורה, 142 מיליון מהרווחה",Pillaging the Five-Year Plan: Ministers Seek to Divert Funding from Arab Society to the Police and Shin Bet,2025-12-03,3-Dec-2025,Haim Rivlin,https://www.shomrim.news/hebrew/may-golan-ben-gvir-plan,Marginalized Communities,Marginalized Communities,,,Arab Society,Gatekeepers/Watchdog Institutions,Democratic Values/Institutional Norms,"7
1
4",Short-Term Investigative,1,Media Amplification,,,Translation,,,,
161,"הקואליציה נגד ""שלטון בג""ץ""? בן גביר עתר לבג״ץ 31 פעמים, ח""כים ביקשו מהשופטים לפסול חוקים ולהתערב בנושאי חוץ וביטחון",Coalition vs. the Supreme Court? Ben-Gvir Has Petitioned It 31 Times,2025-12-05,5-Dec-2025,Chen Shalita,https://www.shomrim.news/hebrew/court-petitions-ranking,Democratic Institutions and the Rule of Law,Democratic Institutions and the Rule of Law,,,Gatekeepers/Watchdog Institutions,Democratic Values/Institutional Norms,,"1
4",Feature,1,Media Amplification,,,,המרקר,TheMarker,,
162,"מחוץ לקופסה: ראש המוסד המיועד הציע בעבודה אקדמית לחמש את מצרים, סעודיה וטורקיה בנשק גרעיני",Thinking Outside the Box: Israel’s Incoming Mossad Chief Once Proposed Arming Arab States With Nuclear Weapons,2025-12-08,8-Dec-2025,Uri Blau,https://www.shomrim.news/hebrew/gofman-academic-ideas,"Democracy & Society
Democratic Institutions and the Rule of Law",Democracy & Society,Democratic Institutions and the Rule of Law,,Gatekeepers/Watchdog Institutions,Democratic Values/Institutional Norms,,"1
4",Short-Term Investigative,1,Media Amplification,,,,Ynet,Ynet,,
163,"הרחוב החרדי זועם, הפוליטיקאים מפמפמים לו את המסר: ""אתם ישראל השנייה""",Israel’s Ultra-Orthodox Street Is Fuming as Leaders Stoke a Victimhood Narrative,2025-12-09,9-Dec-2025,Lir Spiriton,https://www.shomrim.news/hebrew/haredi-campaign-has-begun,"Marginalized Communities
Democracy & Society",Marginalized Communities,Democracy & Society,,Gatekeepers/Watchdog Institutions,Democratic Values/Institutional Norms,Military & Reserve Forces,"1
4
2",Feature,,,,,Translation,,,,
164,אפקט ממדאני? חברות אמריקאיות לא הסכימו לפרסם קמפיינים של מדינת ישראל בטיימס סקוור,Most Advertising Agencies Declined to Run Israeli Campaigns in Times Square,2025-12-11,11-Dec-2025,Uri Blau,https://www.shomrim.news/hebrew/israel-and-times-square,October 7 War,October 7 War,,,Gatekeepers/Watchdog Institutions,Democratic Values/Institutional Norms,,"1
4",Short-Term Investigative,1,Media Amplification,,,Translation,כלכליסט,Calcalist,,
165,"לאחר חשיפת שומרים: התקציב לסיוע למכורים לסמים הועבר - הפעילות בת""א תמשיך",After Shomrim Exposé: Funding for Drug Addiction Aid Released,2025-12-11,11-Dec-2025,Daniel Dolev,https://www.shomrim.news/hebrew/ishr-program-continues,"Democratic Institutions and the Rule of Law
Marginalized Communities",Democratic Institutions and the Rule of Law,Marginalized Communities,,Gatekeepers/Watchdog Institutions,Water & Infrastructure,Extreme Social Phenomena,"1
6
8",Follow up to #128,3,Real-World Change,,"Following publication of this article, a group of parliamentarians, led by MK Meirav Ben Ari (Yesh Atid), initiated a discussion on the matter at the Knesset Labor and Welfare Committee. All those present at the meeting, including committee chair MK Michal Woldiger (Religious Zionism), expressed their support for Yizhar’s work. The representative of the National Security Ministry, meanwhile, reiterated that the problem stemmed from the massive cut to the budget of the National Authority for Community Safety – from around 120 million shekels to just 33 million shekels. Nonetheless, after the discussion, the budget was found and the Knesset’s Finance Committee approved its transfer.",Translation,,,,
166,"המדינה הפכה אותם למכורים - ועכשיו גומלת אותם בכפייה: ""נאלצתי לקנות פנטניל בטלגרם""",The State Made Them Addicted - Now It’s Forcing Them Into Treatment,2025-12-12,12-Dec-2025,Daniel Dolev,https://www.shomrim.news/hebrew/fentanyl-on-telegram,"Democracy & Society
Marginalized Communities
Health-Welfare",Democracy & Society,Marginalized Communities,Health-Welfare,Gatekeepers/Watchdog Institutions,Water & Infrastructure,Extreme Social Phenomena,"1
6
8",Investigative,1,Media Amplification,,,,Ynet,Ynet,,
167,המחטף של מאי גולן ובן גביר: 220 מיליון שקל יקוצצו מהחברה הערבית לטובת המשטרה והשב״כ,Mai Golan and Ben-Gvir’s Power Grab: $60 Million Cut From Arab Community Programs,2025-12-15,15-Dec-2025,Haim Rivlin,https://www.shomrim.news/hebrew/may-golan-ben-gvir-plan-follow,Marginalized Communities,Marginalized Communities,,,Arab Society,Gatekeepers/Watchdog Institutions,,"7
1",Follow up to #160,,,,,,,,,
168,בלי הפסקת אש: מתקפות הסייבר האיראניות הופכות לנשק אסטרטגי נגד ישראל,No Cease-Fire: Iranian Cyberattacks Are Becoming a Strategic Weapon,2025-12-16,16-Dec-2025,Milan Cerny,https://www.shomrim.news/hebrew/cyber-strategic-weapon,Democratic Institutions and the Rule of Law,Democratic Institutions and the Rule of Law,,,Gatekeepers/Watchdog Institutions,Democratic Values/Institutional Norms,,"1
4",Investigative,,,,,,,,,
169,"הציונות החרדית? ""זה לא שהחרדים פתאום נהיו ציוניים, הם שם בגלל הכסף והג'ובים""",Have the Haredim Embraced Zionism? “They Haven’t Suddenly Become Zionists - They’re Here for the Money and the Jobs”,2025-12-17,17-Dec-2025,Shuki Sadeh,https://www.shomrim.news/hebrew/haredi-and-zionists,"Democracy & Society
Marginalized Communities",Democracy & Society,Marginalized Communities,,Gatekeepers/Watchdog Institutions,Democratic Values/Institutional Norms,,"1
4",Feature,,,,,Translation,,,,
170,"""אני רוצה למחוק את הנובה מהחיים שלי"": ההקלטות האחרונות של שיראל גולן",I Want to Erase the Nova Party From My Life': The Final Recordings of Shiral Golan,2025-12-19,19-Dec-2025,Yael Shani,https://www.shomrim.news/hebrew/shirel-golan-last-recordings,October 7 War,October 7 War,,,Gatekeepers/Watchdog Institutions,Extreme Social Phenomena,Water & Infrastructure,"1
8
6",Investigative,1,Media Amplification,,"It was published in 7 Days, the weekly magazine",,ידיעות אחרונות,Yedioth Ahronoth,,
171,"מאות אלפי שקלים בחודש: המדינה רוצה להחרים את 48 ספינות המשט שנתפסו, אבל בינתיים משלמת ביוקר",Hundreds of Thousands a Month: Israel Seeks to Seize Flotilla Ships - While Paying a Heavy Price,2025-12-21,21-Dec-2025,Uri Blau,https://www.shomrim.news/hebrew/sumud-ships,October 7 War,October 7 War,,,Gatekeepers/Watchdog Institutions,Democratic Values/Institutional Norms,Judicial System & Courts,"1
4
3",Short-term Investigative,1,Media Amplification,,,,כלכליסט,Calcalist,,
172,"האודישנים, הקידומים, הלחצים: כך הפך בן גביר את המינויים במשטרה לכלי פוליטי",How Ben-Gvir Turned Police Appointments Into a Political Tool,2025-12-24,24-Dec-2025,Chen Shalita,https://www.shomrim.news/hebrew/ben-gvir-police,Democratic Institutions and the Rule of Law,Democratic Institutions and the Rule of Law,,,Gatekeepers/Watchdog Institutions,Democratic Values/Institutional Norms,Judicial System & Courts,"1
4
3",Feature,,,,,,,,,
173,"ההנהגה החרדית רומזת לראשי ישיבות הנושרים: אתם תדרשו למלא את מכסות הגיוס לצה""ל",Haredi Leadership to Dropout Yeshivas: You Must Meet the IDF Quota,2025-12-27,27-Dec-2025,Lir Spiriton,https://www.shomrim.news/hebrew/drop-out-yeshivas,"Marginalized Communities
Democratic Institutions and the Rule of Law",Marginalized Communities,Democratic Institutions and the Rule of Law,,Gatekeepers/Watchdog Institutions,Military & Reserve Forces,Extreme Social Phenomena,"1
2
8",Follow up,,,,,Translation,,,,
174,"""אם תחזרו נהרוג אתכם"": אלימות המתנחלים חוצה גם לשטחים שבשליטה פלסטינית",“If You Come Back - We’ll Kill You”: Settler Violence Crosses Over Into Palestinian-Controlled Parts of the West Bank,2025-12-29,29-Dec-2025,Daniel Dolev,https://www.shomrim.news/hebrew/settler-violence,"Marginalized Communities
Human Rights & Democratic Values",Marginalized Communities,Human Rights & Democratic Values,,Gatekeepers/Watchdog Institutions,Land/Planning,Democratic Values/Institutional Norms,"1
5
4",Investigative,,,,,Translation,,,,
175,"מסחרת המגרשים של בעלי הנחלות: 100 אלף שקלים ""להמלצה"" על חצי דונם לבנייה","The Land-Plot Racket: $27,000 for a 'Recommendation' on Half an Acre",2025-12-31,31-Dec-2025,Shuki Sadeh,https://www.shomrim.news/hebrew/landowners-recommendation-price,"Economy, Finance, Inequality, Poverty","Economy, Finance, Inequality, Poverty",,,Gatekeepers/Watchdog Institutions,Land/Planning,Judicial System & Courts,"1
5
3",Investigative,2,Stakeholder Reaction,,"Following an inquiry by Shomrim, the Registrar of Cooperative Societies contacted members of Moshav Kfar Maimon to seek clarification regarding the materials published in the article.",,,,,