#,Title,Date,Subjects,Theme 1,Theme 2,Theme 3,Impact level,Story type
12,"The Lod Municipality vs. the Israeli Government: Negligence, Discrimination, and an Unlivable Reality",2-Feb-2025,"economy, finance, inequality, poverty
marginalized communities
democracy & society",Gatekeepers/Watchdog Institutions,Democratic Values/Institutional Norms,,2,Follow up
28,Silent Scars: The Enduring Impact of Violence in Haredi Education,2-May-2025,"democracy & society
marginalized communities",Democratic Values/Institutional Norms,,,1,Investigative
33,13 Lawmakers Urge State Prosecutor to Appeal the Release of Convicted Sex Offender Yuval Karmi,18/03/2025,marginalized communities,Judicial System & Courts,,,,Follow up
47,How Sexual Abuse Is Covered Up in Ultra-Orthodox Communities,4-Feb-2025,marginalized communities,Extreme Social Phenomena,Democratic Values/Institutional Norms,,1,Short-Term Investigative
49,Putin’s Ally: Belarusian Exiles in Israel Targeted by Lukashenko’s KGB,4-Jul-2025,"marginalized communities
democracy & society",Democratic Values/Institutional Norms,,,,Short-Term Investigative
51,Paving the Way to Annexation: Israel Quietly Builds New Roads in the West Bank,4-Oct-2025,"democratic institutions and the rule of law
marginalized communities
human rights & Democratic Values/Institutional Norms",Land/Planning,Democratic Values/Institutional Norms,,,Short-Term Investigative
55,No man’s land: The IDF flooded the West Bank with Weapons - Then Lost Track of Them,5-May-2025,"human rights & Democratic Values/Institutional Norms 
marginalized communities
democratic institutions and the rule of law",Military & Reserve Forces,Democratic Values/Institutional Norms,,,Follow up
61,"Social Equality? Not for Arabs, LGBTQ People, or Holocaust Survivors",5-Dec-2025,"democratic institutions and the rule of law
human rights & Democratic Values/Institutional Norms 
marginalized communities",Arab Society,Democratic Values/Institutional Norms,,,Short-Term Investigative
66,"The Abandoned Bedouin Village: 'Settlers Came, Cursed Us, and Terrorized the Children'",26/05/2025,"marginalized communities
human rights & Democratic Values/Institutional Norms",Arab Society,Land/Planning,,,Follow up
71,Only After Three Sexual Harassment Complaints Did United Hatzalah Force Out a Senior Official,6-Jan-2025,marginalized communities,Gatekeepers/Watchdog Institutions,Democratic Values/Institutional Norms,,1,Follow up
72,Nowhere to Run: LGBTQ Palestinians Struggle to Survive and Israel Closes the Door,6-Jan-2025,"human rights & Democratic Values/Institutional Norms 
marginalized communities",Extreme Social Phenomena,Democratic Values/Institutional Norms,,1,Investigative
73,"Losing Faith, Seeking Power: Arab Society Prepares for the Next Election",6-Jan-2025,"democracy & society
marginalized communities",Arab Society,Democratic Values/Institutional Norms,,,Feature
74,I Fear What This Is Doing to the Community': How to Break the Link Between Drugs and LGBTQ Spaces,6-Apr-2025,"democracy & society
health",Extreme Social Phenomena,Democratic Values/Institutional Norms,,,Feature
76,A Semi-Buried Minibus or Sewage Pipes: Dozens of Israeli Bedouin Have No Access to Bomb Shelters,15/06/2025,"democracy & society
marginalized communities
october 7 war",Arab Society,Extreme Social Phenomena,Democratic Values/Institutional Norms,,Explanatory
80,Do Not Forsake Me: The Elderly Left Behind in Wartime,19/06/2025,"democracy & society
october 7 war
marginalized communities",Democratic Values/Institutional Norms,,,,Explanatory
81,The Neighbors Took Over the Shelter - and There’s Nothing Anyone Can Do,22/06/2025,"marginalized communities
october 7 war",Extreme Social Phenomena,Democratic Values/Institutional Norms,,1,Explanatory
85,They Fled One War and Died in Another: Ukrainian Refugees’ Deadly Trap in Israel,25/06/2025,"democracy & society
marginalized communities
ctober 7 war",Extreme Social Phenomena,Democratic Values/Institutional Norms,,,Explanatory
92,Investigation: How Teachers’ Salaries Are Drained Into Ultra-Orthodox School Networks,30/06/2025,"economy, finance, inequality, poverty
marginalized communities",Gatekeepers/Watchdog Institutions,Democratic Values/Institutional Norms,Judicial System & Courts,1,Investigative
94,‘Getting Married Was the Worst Decision of My Life’: Arab Society is Worried by the Rising Divorce Rate,7-Jun-2025,marginalized communities,Arab Society,Extreme Social Phenomena,,,Feature
97,"While Ultra-Orthodox Draft Crisis Grips Israel, The Ultra-Orthodox Street Remains Indifferent",13/07/2025,"democracy & society
marginalized communities
october 7 war",Judicial System & Courts,Democratic Values/Institutional Norms,Military & Reserve Forces,,Feature
101,How Women are Smuggled to Israel for Prostitution,16/07/2025,"democracy & society
marginalized communities",Extreme Social Phenomena,Gatekeepers/Watchdog Institutions,Democratic Values/Institutional Norms,1,Short-Term Investigative
112,Measles Outbreak: Ultra-Orthodox Communities Went Unvaccinated Due to Lack of Access,20/07/2025,"health
marginalized communities",Gatekeepers/Watchdog Institutions,Water & Infrastructure,,,Short-Term Investigative
117,What Israel’s Power Lines Look Like in 2025,23/07/2025,"marginalized communities
economy, finance, inequality, poverty",Water & Infrastructure,Gatekeepers/Watchdog Institutions,Democratic Values/Institutional Norms,,Feature
126,"Seven Years After a Government Land-Registration Drive in East Jerusalem, Palestinians Were Left Behind",8-Jun-2025,"marginalized communities
human rights & Democratic Values/Institutional Norms",Democratic Values/Institutional Norms,Land/Planning,,,Investigative
136,The Measles Vaccine Is a Crime Against Humanity': Anti-Vaccine Propaganda in Ultra-Orthodox Communities,8-Oct-2025,"health
marginalized communities",Gatekeepers/Watchdog Institutions,Water & Infrastructure,,1,Short-Term Investigative
137,Chained to a Bed for Three Days: The Neglect of Mentally Ill Prisoners,17/09/2025,"marginalized communities
human rights & Democratic Values/Institutional Norms",Gatekeepers/Watchdog Institutions,Democratic Values/Institutional Norms,,,Investigative
142,How Ben-Gvir Derailed Israel’s Flagship Program Combating Violence in the Arab-Sector,10-May-2025,"marginalized communities
democratic institutions and the rule of law",Arab Society,Gatekeepers/Watchdog Institutions,,,Investigative
143,Unlicensed Physicians: How Profit Became the Bottom Line for Healthcare in East Jerusalem – At Patients’ Expense,13/10/2025,"health
marginalized communities",Gatekeepers/Watchdog Institutions,Water & Infrastructure,,1,Investigative
147,Ministry of National Security Withheld Funding – and a Drug Harm Reduction Program Could Be Closed,14/10/2025,"democratic institutions and the rule of law
marginalized communities",Gatekeepers/Watchdog Institutions,Extreme Social Phenomena,,3,Short-Term Investigative
151,After the Budget Axe: What Funding Cuts Mean for Israel’s Yeshivas,26/10/2025,"democracy & society
marginalized communities",Gatekeepers/Watchdog Institutions,Democratic Values/Institutional Norms,Extreme Social Phenomena,1,Short-Term Investigative
160,Pillaging the Five-Year Plan: Ministers Seek to Divert Funding from Arab Society to the Police and Shin Bet,11-Feb-2025,marginalized communities,Arab Society,Gatekeepers/Watchdog Institutions,Democratic Values/Institutional Norms,1,Short-Term Investigative
163,Israel’s Ultra-Orthodox Street Is Fuming as Leaders Stoke a Victimhood Narrative,16/11/2025,"marginalized communities
democracy & society",Gatekeepers/Watchdog Institutions,Democratic Values/Institutional Norms,Military & Reserve Forces,,Feature
165,After Shomrim Exposé: Funding for Drug Addiction Aid Released,12-Jan-2025,"democratic institutions and the rule of law
marginalized communities",Gatekeepers/Watchdog Institutions,Water & Infrastructure,Extreme Social Phenomena,3,Follow up to #128
166,The State Made Them Addicted - Now It’s Forcing Them Into Treatment,12-Apr-2025,"democracy & society
marginalized communities
health-welfare",Gatekeepers/Watchdog Institutions,Water & Infrastructure,Extreme Social Phenomena,1,Investigative
167,Mai Golan and Ben-Gvir’s Power Grab: $60 Million Cut From Arab Community Programs,12-Oct-2025,marginalized communities,Arab Society,Gatekeepers/Watchdog Institutions,,,Follow up to #160
169,Have the Haredim Embraced Zionism? “They Haven’t Suddenly Become Zionists - They’re Here for the Money and the Jobs”,21/12/2025,"democracy & society
marginalized communities",Gatekeepers/Watchdog Institutions,Democratic Values/Institutional Norms,,,Feature
173,Haredi Leadership to Dropout Yeshivas: You Must Meet the IDF Quota,28/12/2025,"marginalized communities
democratic institutions and the rule of law",Gatekeepers/Watchdog Institutions,Military & Reserve Forces,Extreme Social Phenomena,,Follow up
174,“If You Come Back - We’ll Kill You”: Settler Violence Crosses Over Into Palestinian-Controlled Parts of the West Bank,29/12/2025,"marginalized communities
human rights & Democratic Values/Institutional Norms",Gatekeepers/Watchdog Institutions,Land/Planning,Democratic Values/Institutional Norms,,Investigative